family,instrument,mode,horizon_hours,n,mean_return_pct,median_return_pct,mean_wait_to_reference_hours,mean_elapsed_hours_since_event,mean_baseline_age_hours
canada: BoC Interest Rate Decision,HSI,closed_at_release,1,2,-0.14798664117863786,-0.14798664117863786,11.25,12.25,6.75
canada: BoC Interest Rate Decision,HSI,closed_at_release,2,2,0.3442345700415629,0.3442345700415629,11.25,13.25,6.75
canada: BoC Interest Rate Decision,HSI,closed_at_release,4,2,0.2542999243021149,0.2542999243021149,11.25,16.25,6.75
canada: BoC Interest Rate Decision,HSI,closed_at_release,5,2,0.2542999243021149,0.2542999243021149,11.25,16.25,6.75
canada: BoC Interest Rate Decision,HSI,closed_at_release,6,2,0.00871527589898502,0.00871527589898502,11.25,17.25,6.75
canada: BoC Interest Rate Decision,HSI,closed_at_release,24,2,-0.43593959807514127,-0.43593959807514127,11.25,36.25,6.75
canada: BoC Interest Rate Decision,NDX,open_at_release,1,2,0.06547975257552019,0.06547975257552019,0.0,1.75,0.25
canada: BoC Interest Rate Decision,NDX,open_at_release,2,2,-0.016818397764428616,-0.016818397764428616,0.0,2.75,0.25
canada: BoC Interest Rate Decision,NDX,open_at_release,3,2,-0.13242307171038026,-0.13242307171038026,0.0,3.75,0.25
canada: BoC Interest Rate Decision,NDX,open_at_release,4,2,-0.2922154400694099,-0.2922154400694099,0.0,4.75,0.25
canada: BoC Interest Rate Decision,NDX,open_at_release,5,2,-0.09857261710403675,-0.09857261710403675,0.0,5.75,0.25
canada: BoC Interest Rate Decision,NDX,open_at_release,24,2,-0.03251088077534381,-0.03251088077534381,0.0,24.75,0.25
canada: BoC Interest Rate Decision,STOXX50E,open_at_release,1,2,0.09511954241743223,0.09511954241743223,0.0,1.25,0.75
canada: BoC Interest Rate Decision,STOXX50E,open_at_release,18,2,0.41120628646287294,0.41120628646287294,0.0,18.25,0.75
canada: BoC Interest Rate Decision,STOXX50E,open_at_release,19,2,0.411427042547452,0.411427042547452,0.0,19.25,0.75
canada: BoC Interest Rate Decision,STOXX50E,open_at_release,20,2,0.37654044139141524,0.37654044139141524,0.0,20.25,0.75
canada: BoC Interest Rate Decision,STOXX50E,open_at_release,21,2,0.33289566560933403,0.33289566560933403,0.0,21.25,0.75
canada: BoC Interest Rate Decision,STOXX50E,open_at_release,22,2,0.4354757320394198,0.4354757320394198,0.0,22.25,0.75
canada: BoC Interest Rate Decision,STOXX50E,open_at_release,23,2,0.4704721703115422,0.4704721703115422,0.0,23.25,0.75
canada: BoC Interest Rate Decision,STOXX50E,open_at_release,24,2,0.5173812005972334,0.5173812005972334,0.0,24.25,0.75
euro zone: CPI (YoY),HSI,closed_at_release,1,4,-0.0575984125671225,0.16217793492754318,27.5,28.5,2.5
euro zone: CPI (YoY),HSI,closed_at_release,2,4,-0.023378394444020782,0.20676443284227686,27.5,29.5,2.5
euro zone: CPI (YoY),HSI,closed_at_release,4,4,0.07371067442402127,0.13979678542106466,27.5,32.5,2.5
euro zone: CPI (YoY),HSI,closed_at_release,5,4,0.07371067442402127,0.13979678542106466,27.5,32.5,2.5
euro zone: CPI (YoY),HSI,closed_at_release,6,4,0.29488268843657905,0.3979869527563573,27.5,33.5,2.5
euro zone: CPI (YoY),HSI,closed_at_release,24,3,-0.004018148310288211,0.18978697224645288,31.5,56.5,2.5
euro zone: CPI (YoY),NDX,closed_at_release,1,4,-0.34117378586004665,-0.007139452710280825,4.25,5.25,19.75
euro zone: CPI (YoY),NDX,closed_at_release,2,4,-0.24776067617856556,0.18947175961674392,4.25,6.25,19.75
euro zone: CPI (YoY),NDX,closed_at_release,3,4,-0.27679452012927536,0.17676787110310066,4.25,7.25,19.75
euro zone: CPI (YoY),NDX,closed_at_release,4,3,-0.6366451221920181,0.13379882785216068,4.166666666666667,8.166666666666666,13.833333333333334
euro zone: CPI (YoY),NDX,closed_at_release,5,3,-0.9625067304615059,-0.7804412576253416,4.166666666666667,9.166666666666666,13.833333333333334
euro zone: CPI (YoY),NDX,closed_at_release,6,3,-1.4293443311292346,-2.3875131458778625,4.166666666666667,10.166666666666666,13.833333333333334
euro zone: CPI (YoY),NDX,closed_at_release,24,3,-1.7752132165842853,-1.4383530484865514,4.166666666666667,29.166666666666668,13.833333333333334
euro zone: CPI (YoY),STOXX50E,open_at_release,1,4,0.12031239662020911,0.11715877959450616,0.0,1.0,0.0
euro zone: CPI (YoY),STOXX50E,open_at_release,2,4,0.16693286551283104,0.12984963842308517,0.0,2.0,0.0
euro zone: CPI (YoY),STOXX50E,open_at_release,3,4,0.2230222511221347,0.2293261905047417,0.0,3.0,0.0
euro zone: CPI (YoY),STOXX50E,open_at_release,4,4,-0.21467474292309607,-0.13245688404150413,0.0,4.0,0.0
euro zone: CPI (YoY),STOXX50E,open_at_release,5,4,-0.14373428163671487,-0.05774091376864464,0.0,5.0,0.0
euro zone: CPI (YoY),STOXX50E,open_at_release,6,4,0.15368040513220882,0.2885113115976168,0.0,6.0,0.0
euro zone: CPI (YoY),STOXX50E,open_at_release,22,3,0.051203428891140865,0.038182793295549196,0.0,23.0,0.0
euro zone: CPI (YoY),STOXX50E,open_at_release,23,3,0.051203428891140865,0.038182793295549196,0.0,23.0,0.0
euro zone: CPI (YoY),STOXX50E,open_at_release,24,3,-0.03183265862175921,0.221649653875855,0.0,24.0,0.0
euro zone: Deposit Facility Rate,HSI,closed_at_release,1,2,-0.5013765085099706,-0.5013765085099706,12.75,13.75,5.25
euro zone: Deposit Facility Rate,HSI,closed_at_release,2,2,-0.19041042664466068,-0.19041042664466068,12.75,14.75,5.25
euro zone: Deposit Facility Rate,HSI,closed_at_release,4,2,0.9723259464589569,0.9723259464589569,12.75,17.75,5.25
euro zone: Deposit Facility Rate,HSI,closed_at_release,5,2,0.9723259464589569,0.9723259464589569,12.75,17.75,5.25
euro zone: Deposit Facility Rate,HSI,closed_at_release,6,2,0.7926469589403122,0.7926469589403122,12.75,18.75,5.25
euro zone: Deposit Facility Rate,NDX,closed_at_release,1,2,-0.0018642400964774541,-0.0018642400964774541,1.25,2.25,16.75
euro zone: Deposit Facility Rate,NDX,closed_at_release,2,2,0.050400354587193386,0.050400354587193386,1.25,3.25,16.75
euro zone: Deposit Facility Rate,NDX,closed_at_release,3,2,0.12132557750731965,0.12132557750731965,1.25,4.25,16.75
euro zone: Deposit Facility Rate,NDX,closed_at_release,4,2,0.13419946942369027,0.13419946942369027,1.25,5.25,16.75
euro zone: Deposit Facility Rate,NDX,closed_at_release,5,2,-0.20131522492661816,-0.20131522492661816,1.25,6.25,16.75
euro zone: Deposit Facility Rate,NDX,closed_at_release,6,2,-0.26985054408822373,-0.26985054408822373,1.25,7.25,16.75
euro zone: Deposit Facility Rate,NDX,closed_at_release,24,2,0.4054281454044518,0.4054281454044518,1.25,26.25,16.75
euro zone: Deposit Facility Rate,STOXX50E,open_at_release,1,2,0.19326216459796264,0.19326216459796264,0.0,1.75,0.25
euro zone: Deposit Facility Rate,STOXX50E,open_at_release,2,2,0.11672621961736906,0.11672621961736906,0.0,2.75,0.25
euro zone: Deposit Facility Rate,STOXX50E,open_at_release,19,2,0.5546748971538618,0.5546748971538618,0.0,19.75,0.25
euro zone: Deposit Facility Rate,STOXX50E,open_at_release,20,2,0.47281813611061985,0.47281813611061985,0.0,20.75,0.25
euro zone: Deposit Facility Rate,STOXX50E,open_at_release,21,2,0.6721711455512813,0.6721711455512813,0.0,21.75,0.25
euro zone: Deposit Facility Rate,STOXX50E,open_at_release,22,2,0.5043310870577633,0.5043310870577633,0.0,22.75,0.25
euro zone: Deposit Facility Rate,STOXX50E,open_at_release,23,2,0.5171658396361467,0.5171658396361467,0.0,23.75,0.25
euro zone: Deposit Facility Rate,STOXX50E,open_at_release,24,2,0.5258701887778106,0.5258701887778106,0.0,24.75,0.25
euro zone: ECB Interest Rate Decision,HSI,closed_at_release,1,2,-0.5013765085099706,-0.5013765085099706,12.75,13.75,5.25
euro zone: ECB Interest Rate Decision,HSI,closed_at_release,2,2,-0.19041042664466068,-0.19041042664466068,12.75,14.75,5.25
euro zone: ECB Interest Rate Decision,HSI,closed_at_release,4,2,0.9723259464589569,0.9723259464589569,12.75,17.75,5.25
euro zone: ECB Interest Rate Decision,HSI,closed_at_release,5,2,0.9723259464589569,0.9723259464589569,12.75,17.75,5.25
euro zone: ECB Interest Rate Decision,HSI,closed_at_release,6,2,0.7926469589403122,0.7926469589403122,12.75,18.75,5.25
euro zone: ECB Interest Rate Decision,NDX,closed_at_release,1,2,-0.0018642400964774541,-0.0018642400964774541,1.25,2.25,16.75
euro zone: ECB Interest Rate Decision,NDX,closed_at_release,2,2,0.050400354587193386,0.050400354587193386,1.25,3.25,16.75
euro zone: ECB Interest Rate Decision,NDX,closed_at_release,3,2,0.12132557750731965,0.12132557750731965,1.25,4.25,16.75
euro zone: ECB Interest Rate Decision,NDX,closed_at_release,4,2,0.13419946942369027,0.13419946942369027,1.25,5.25,16.75
euro zone: ECB Interest Rate Decision,NDX,closed_at_release,5,2,-0.20131522492661816,-0.20131522492661816,1.25,6.25,16.75
euro zone: ECB Interest Rate Decision,NDX,closed_at_release,6,2,-0.26985054408822373,-0.26985054408822373,1.25,7.25,16.75
euro zone: ECB Interest Rate Decision,NDX,closed_at_release,24,2,0.4054281454044518,0.4054281454044518,1.25,26.25,16.75
euro zone: ECB Interest Rate Decision,STOXX50E,open_at_release,1,2,0.19326216459796264,0.19326216459796264,0.0,1.75,0.25
euro zone: ECB Interest Rate Decision,STOXX50E,open_at_release,2,2,0.11672621961736906,0.11672621961736906,0.0,2.75,0.25
euro zone: ECB Interest Rate Decision,STOXX50E,open_at_release,19,2,0.5546748971538618,0.5546748971538618,0.0,19.75,0.25
euro zone: ECB Interest Rate Decision,STOXX50E,open_at_release,20,2,0.47281813611061985,0.47281813611061985,0.0,20.75,0.25
euro zone: ECB Interest Rate Decision,STOXX50E,open_at_release,21,2,0.6721711455512813,0.6721711455512813,0.0,21.75,0.25
euro zone: ECB Interest Rate Decision,STOXX50E,open_at_release,22,2,0.5043310870577633,0.5043310870577633,0.0,22.75,0.25
euro zone: ECB Interest Rate Decision,STOXX50E,open_at_release,23,2,0.5171658396361467,0.5171658396361467,0.0,23.75,0.25
euro zone: ECB Interest Rate Decision,STOXX50E,open_at_release,24,2,0.5258701887778106,0.5258701887778106,0.0,24.75,0.25
euro zone: ECB Press Conference,HSI,closed_at_release,1,2,-0.5013765085099706,-0.5013765085099706,12.25,13.25,5.75
euro zone: ECB Press Conference,HSI,closed_at_release,2,2,-0.19041042664466068,-0.19041042664466068,12.25,14.25,5.75
euro zone: ECB Press Conference,HSI,closed_at_release,4,2,0.9723259464589569,0.9723259464589569,12.25,17.25,5.75
euro zone: ECB Press Conference,HSI,closed_at_release,5,2,0.9723259464589569,0.9723259464589569,12.25,17.25,5.75
euro zone: ECB Press Conference,HSI,closed_at_release,6,2,0.7926469589403122,0.7926469589403122,12.25,18.25,5.75
euro zone: ECB Press Conference,NDX,closed_at_release,1,2,-0.0018642400964774541,-0.0018642400964774541,0.75,1.75,17.25
euro zone: ECB Press Conference,NDX,closed_at_release,2,2,0.050400354587193386,0.050400354587193386,0.75,2.75,17.25
euro zone: ECB Press Conference,NDX,closed_at_release,3,2,0.12132557750731965,0.12132557750731965,0.75,3.75,17.25
euro zone: ECB Press Conference,NDX,closed_at_release,4,2,0.13419946942369027,0.13419946942369027,0.75,4.75,17.25
euro zone: ECB Press Conference,NDX,closed_at_release,5,2,-0.20131522492661816,-0.20131522492661816,0.75,5.75,17.25
euro zone: ECB Press Conference,NDX,closed_at_release,6,2,-0.26985054408822373,-0.26985054408822373,0.75,6.75,17.25
euro zone: ECB Press Conference,NDX,closed_at_release,24,2,0.4054281454044518,0.4054281454044518,0.75,25.75,17.25
euro zone: ECB Press Conference,STOXX50E,open_at_release,1,2,0.19326216459796264,0.19326216459796264,0.0,1.25,0.75
euro zone: ECB Press Conference,STOXX50E,open_at_release,2,2,0.11672621961736906,0.11672621961736906,0.0,2.25,0.75
euro zone: ECB Press Conference,STOXX50E,open_at_release,19,2,0.5546748971538618,0.5546748971538618,0.0,19.25,0.75
euro zone: ECB Press Conference,STOXX50E,open_at_release,20,2,0.47281813611061985,0.47281813611061985,0.0,20.25,0.75
euro zone: ECB Press Conference,STOXX50E,open_at_release,21,2,0.6721711455512813,0.6721711455512813,0.0,21.25,0.75
euro zone: ECB Press Conference,STOXX50E,open_at_release,22,2,0.5043310870577633,0.5043310870577633,0.0,22.25,0.75
euro zone: ECB Press Conference,STOXX50E,open_at_release,23,2,0.5171658396361467,0.5171658396361467,0.0,23.25,0.75
euro zone: ECB Press Conference,STOXX50E,open_at_release,24,2,0.5258701887778106,0.5258701887778106,0.0,24.25,0.75
germany: German CPI (MoM),HSI,closed_at_release,1,2,0.27187484121451444,0.27187484121451444,12.5,13.5,5.5
germany: German CPI (MoM),HSI,closed_at_release,2,2,0.8912659557458458,0.8912659557458458,12.5,14.5,5.5
germany: German CPI (MoM),HSI,closed_at_release,4,2,0.26056513899641587,0.26056513899641587,12.5,17.5,5.5
germany: German CPI (MoM),HSI,closed_at_release,5,2,0.26056513899641587,0.26056513899641587,12.5,17.5,5.5
germany: German CPI (MoM),HSI,closed_at_release,6,2,0.2490578213748207,0.2490578213748207,12.5,18.5,5.5
germany: German CPI (MoM),HSI,closed_at_release,24,1,0.49853370183006174,0.49853370183006174,12.5,37.5,5.5
germany: German CPI (MoM),NDX,closed_at_release,1,2,0.25633012553296636,0.25633012553296636,13.0,14.0,17.0
germany: German CPI (MoM),NDX,closed_at_release,2,2,0.3292277365317897,0.3292277365317897,13.0,15.0,17.0
germany: German CPI (MoM),NDX,closed_at_release,3,2,0.24311734471935698,0.24311734471935698,13.0,16.0,17.0
germany: German CPI (MoM),NDX,closed_at_release,4,1,-0.548978441321124,-0.548978441321124,0.5,4.5,17.5
germany: German CPI (MoM),NDX,closed_at_release,5,1,-0.6664324414282773,-0.6664324414282773,0.5,5.5,17.5
germany: German CPI (MoM),NDX,closed_at_release,6,1,-0.7780545175837261,-0.7780545175837261,0.5,6.5,17.5
germany: German CPI (MoM),NDX,closed_at_release,24,1,-2.845912508813075,-2.845912508813075,0.5,25.5,17.5
germany: German CPI (MoM),STOXX50E,open_at_release,1,2,0.14095768185922175,0.14095768185922175,0.0,1.0,0.0
germany: German CPI (MoM),STOXX50E,open_at_release,2,2,0.2854690196126164,0.2854690196126164,0.0,2.0,0.0
germany: German CPI (MoM),STOXX50E,open_at_release,3,2,0.16027196919428666,0.16027196919428666,0.0,3.0,0.0
germany: German CPI (MoM),STOXX50E,open_at_release,19,2,-0.3054276324624683,-0.3054276324624683,0.0,20.0,0.0
germany: German CPI (MoM),STOXX50E,open_at_release,20,2,-0.3054276324624683,-0.3054276324624683,0.0,20.0,0.0
germany: German CPI (MoM),STOXX50E,open_at_release,21,2,-0.3262020536179855,-0.3262020536179855,0.0,21.0,0.0
germany: German CPI (MoM),STOXX50E,open_at_release,22,2,-0.27512775199040607,-0.27512775199040607,0.0,22.0,0.0
germany: German CPI (MoM),STOXX50E,open_at_release,23,2,-0.12243936852361911,-0.12243936852361911,0.0,23.0,0.0
germany: German CPI (MoM),STOXX50E,open_at_release,24,2,-0.09736060461379425,-0.09736060461379425,0.0,24.0,0.0
japan: GDP (QoQ) (Q3),HSI,closed_at_release,1,2,0.35789610718343084,0.35789610718343084,1.6666666666666667,2.6666666666666665,40.33333333333333
japan: GDP (QoQ) (Q3),HSI,closed_at_release,2,2,-0.05499936754675416,-0.05499936754675416,1.6666666666666667,3.6666666666666665,40.33333333333333
japan: GDP (QoQ) (Q3),HSI,closed_at_release,4,2,-0.09635194516454121,-0.09635194516454121,1.6666666666666667,6.666666666666667,40.33333333333333
japan: GDP (QoQ) (Q3),HSI,closed_at_release,5,2,-0.09635194516454121,-0.09635194516454121,1.6666666666666667,6.666666666666667,40.33333333333333
japan: GDP (QoQ) (Q3),HSI,closed_at_release,6,2,0.6718116987596613,0.6718116987596613,1.6666666666666667,7.666666666666667,40.33333333333333
japan: GDP (QoQ) (Q3),HSI,closed_at_release,24,1,4.229953588334291,4.229953588334291,1.6666666666666667,26.666666666666668,64.33333333333333
japan: GDP (QoQ) (Q3),NDX,closed_at_release,1,2,-1.2022817308236566,-1.2022817308236566,14.666666666666666,15.666666666666666,27.333333333333336
japan: GDP (QoQ) (Q3),NDX,closed_at_release,2,2,-1.3376255518512015,-1.3376255518512015,14.666666666666666,16.666666666666668,27.333333333333336
japan: GDP (QoQ) (Q3),NDX,closed_at_release,3,2,-1.5536024843462723,-1.5536024843462723,14.666666666666666,17.666666666666668,27.333333333333336
japan: GDP (QoQ) (Q3),NDX,closed_at_release,4,2,-1.5503820744364127,-1.5503820744364127,14.666666666666666,18.666666666666668,27.333333333333336
japan: GDP (QoQ) (Q3),NDX,closed_at_release,5,2,-1.7600752082207851,-1.7600752082207851,14.666666666666666,19.666666666666668,27.333333333333336
japan: GDP (QoQ) (Q3),NDX,closed_at_release,6,2,-1.7251129861328263,-1.7251129861328263,14.666666666666666,20.666666666666668,27.333333333333336
japan: GDP (QoQ) (Q3),NDX,closed_at_release,24,1,-0.3644764927805411,-0.3644764927805411,14.666666666666666,39.666666666666664,51.333333333333336
japan: GDP (QoQ) (Q3),STOXX50E,closed_at_release,1,2,0.1647621562071988,0.1647621562071988,8.166666666666666,9.166666666666666,31.833333333333336
japan: GDP (QoQ) (Q3),STOXX50E,closed_at_release,2,2,0.04595730596034242,0.04595730596034242,8.166666666666666,10.166666666666666,31.833333333333336
japan: GDP (QoQ) (Q3),STOXX50E,closed_at_release,3,2,0.04623963962174793,0.04623963962174793,8.166666666666666,11.166666666666666,31.833333333333336
japan: GDP (QoQ) (Q3),STOXX50E,closed_at_release,4,2,-0.04600582083360008,-0.04600582083360008,8.166666666666666,12.166666666666666,31.833333333333336
japan: GDP (QoQ) (Q3),STOXX50E,closed_at_release,5,2,0.004750821579052614,0.004750821579052614,8.166666666666666,13.166666666666666,31.833333333333336
japan: GDP (QoQ) (Q3),STOXX50E,closed_at_release,6,2,-0.00982231690631613,-0.00982231690631613,8.166666666666666,14.166666666666666,31.833333333333336
japan: GDP (QoQ) (Q3),STOXX50E,closed_at_release,7,2,0.06847599218742784,0.06847599218742784,8.166666666666666,15.166666666666666,31.833333333333336
japan: GDP (QoQ) (Q3),STOXX50E,closed_at_release,8,2,-0.1535897803677411,-0.1535897803677411,8.166666666666666,16.166666666666668,31.833333333333336
japan: GDP (QoQ) (Q3),STOXX50E,closed_at_release,24,1,-0.14399107555824742,-0.14399107555824742,8.166666666666666,33.166666666666664,55.833333333333336
united kingdom: Autumn Forecast Statement,HSI,closed_at_release,1,1,0.5294869664303814,0.5294869664303814,15.5,16.5,2.5
united kingdom: Autumn Forecast Statement,HSI,closed_at_release,2,1,0.635942785010868,0.635942785010868,15.5,17.5,2.5
united kingdom: Autumn Forecast Statement,HSI,closed_at_release,4,1,0.4685207409900638,0.4685207409900638,15.5,20.5,2.5
united kingdom: Autumn Forecast Statement,HSI,closed_at_release,5,1,0.4685207409900638,0.4685207409900638,15.5,20.5,2.5
united kingdom: Autumn Forecast Statement,HSI,closed_at_release,6,1,0.15293369016262662,0.15293369016262662,15.5,21.5,2.5
united kingdom: Autumn Forecast Statement,HSI,closed_at_release,24,1,0.49853370183006174,0.49853370183006174,15.5,40.5,2.5
united kingdom: Autumn Forecast Statement,NDX,closed_at_release,1,1,-0.22099672795876657,-0.22099672795876657,3.5,4.5,14.5
united kingdom: Autumn Forecast Statement,NDX,closed_at_release,2,1,-0.27188144978784745,-0.27188144978784745,3.5,5.5,14.5
united kingdom: Autumn Forecast Statement,NDX,closed_at_release,3,1,-0.4133553903335141,-0.4133553903335141,3.5,6.5,14.5
united kingdom: Autumn Forecast Statement,NDX,closed_at_release,4,1,-0.548978441321124,-0.548978441321124,3.5,7.5,14.5
united kingdom: Autumn Forecast Statement,NDX,closed_at_release,5,1,-0.6664324414282773,-0.6664324414282773,3.5,8.5,14.5
united kingdom: Autumn Forecast Statement,NDX,closed_at_release,6,1,-0.7780545175837261,-0.7780545175837261,3.5,9.5,14.5
united kingdom: Autumn Forecast Statement,NDX,closed_at_release,24,1,-2.845912508813075,-2.845912508813075,3.5,28.5,14.5
united kingdom: Autumn Forecast Statement,STOXX50E,open_at_release,1,1,-0.21605425749499085,-0.21605425749499085,0.0,1.0,0.0
united kingdom: Autumn Forecast Statement,STOXX50E,open_at_release,2,1,-0.4928473391408894,-0.4928473391408894,0.0,2.0,0.0
united kingdom: Autumn Forecast Statement,STOXX50E,open_at_release,3,1,-0.6956550990208089,-0.6956550990208089,0.0,3.0,0.0
united kingdom: Autumn Forecast Statement,STOXX50E,open_at_release,4,1,-0.37564917541796916,-0.37564917541796916,0.0,4.0,0.0
united kingdom: Autumn Forecast Statement,STOXX50E,open_at_release,5,1,-0.19608001203033076,-0.19608001203033076,0.0,5.0,0.0
united kingdom: Autumn Forecast Statement,STOXX50E,open_at_release,6,1,-0.2503000864157334,-0.2503000864157334,0.0,6.0,0.0
united kingdom: Autumn Forecast Statement,STOXX50E,open_at_release,22,1,-1.0965731380335852,-1.0965731380335852,0.0,23.0,0.0
united kingdom: Autumn Forecast Statement,STOXX50E,open_at_release,23,1,-1.0965731380335852,-1.0965731380335852,0.0,23.0,0.0
united kingdom: Autumn Forecast Statement,STOXX50E,open_at_release,24,1,-1.2402642969866706,-1.2402642969866706,0.0,24.0,0.0
united kingdom: BoE Interest Rate Decision,HSI,closed_at_release,1,2,0.2519896361163121,0.2519896361163121,13.5,14.5,4.5
united kingdom: BoE Interest Rate Decision,HSI,closed_at_release,2,2,-0.20739207479171795,-0.20739207479171795,13.5,15.5,4.5
united kingdom: BoE Interest Rate Decision,HSI,closed_at_release,4,2,-0.39330551756802656,-0.39330551756802656,13.5,18.5,4.5
united kingdom: BoE Interest Rate Decision,HSI,closed_at_release,5,2,-0.39330551756802656,-0.39330551756802656,13.5,18.5,4.5
united kingdom: BoE Interest Rate Decision,HSI,closed_at_release,6,2,-0.5010979199490562,-0.5010979199490562,13.5,19.5,4.5
united kingdom: BoE Interest Rate Decision,NDX,closed_at_release,1,2,0.044631004528927876,0.044631004528927876,2.5,3.5,15.5
united kingdom: BoE Interest Rate Decision,NDX,closed_at_release,2,2,0.3911051007788545,0.3911051007788545,2.5,4.5,15.5
united kingdom: BoE Interest Rate Decision,NDX,closed_at_release,3,2,0.10410797733325095,0.10410797733325095,2.5,5.5,15.5
united kingdom: BoE Interest Rate Decision,NDX,closed_at_release,4,2,0.2713867375394973,0.2713867375394973,2.5,6.5,15.5
united kingdom: BoE Interest Rate Decision,NDX,closed_at_release,5,2,0.23419315833315135,0.23419315833315135,2.5,7.5,15.5
united kingdom: BoE Interest Rate Decision,NDX,closed_at_release,6,2,0.3201096445958007,0.3201096445958007,2.5,8.5,15.5
united kingdom: BoE Interest Rate Decision,NDX,closed_at_release,24,2,0.21596491744089186,0.21596491744089186,2.5,27.5,15.5
united kingdom: BoE Interest Rate Decision,STOXX50E,open_at_release,1,2,0.09499831252841595,0.09499831252841595,0.0,1.0,0.0
united kingdom: BoE Interest Rate Decision,STOXX50E,open_at_release,2,2,0.11601419359364984,0.11601419359364984,0.0,2.0,0.0
united kingdom: BoE Interest Rate Decision,STOXX50E,open_at_release,3,2,0.293336266642108,0.293336266642108,0.0,3.0,0.0
united kingdom: BoE Interest Rate Decision,STOXX50E,open_at_release,4,2,0.28975498279362183,0.28975498279362183,0.0,4.0,0.0
united kingdom: BoE Interest Rate Decision,STOXX50E,open_at_release,20,2,-0.5208024499315455,-0.5208024499315455,0.0,21.0,0.0
united kingdom: BoE Interest Rate Decision,STOXX50E,open_at_release,21,2,-0.5208024499315455,-0.5208024499315455,0.0,21.0,0.0
united kingdom: BoE Interest Rate Decision,STOXX50E,open_at_release,22,2,-0.9287687449348992,-0.9287687449348992,0.0,22.0,0.0
united kingdom: BoE Interest Rate Decision,STOXX50E,open_at_release,23,2,-1.0159291067341258,-1.0159291067341258,0.0,23.0,0.0
united kingdom: BoE Interest Rate Decision,STOXX50E,open_at_release,24,2,-0.91500151743944,-0.91500151743944,0.0,24.0,0.0
united states: 10-Year Note Auction,HSI,closed_at_release,1,3,0.9611754699637857,0.48028006126583644,7.833333333333333,8.833333333333334,10.166666666666666
united states: 10-Year Note Auction,HSI,closed_at_release,2,3,1.1654583179332216,1.542703944997448,7.833333333333333,9.833333333333334,10.166666666666666
united states: 10-Year Note Auction,HSI,closed_at_release,4,3,1.0446769985364202,1.8275380115323925,7.833333333333333,12.833333333333334,10.166666666666666
united states: 10-Year Note Auction,HSI,closed_at_release,5,3,1.0446769985364202,1.8275380115323925,7.833333333333333,12.833333333333334,10.166666666666666
united states: 10-Year Note Auction,HSI,closed_at_release,6,3,0.7784140877549972,1.5053739638867247,7.833333333333333,13.833333333333334,10.166666666666666
united states: 10-Year Note Auction,HSI,closed_at_release,24,2,-0.8703003507495588,-0.8703003507495588,7.5,32.5,10.5
united states: 10-Year Note Auction,NDX,open_at_release,1,3,0.05110418567018472,0.09763128254338671,0.0,1.5,0.5
united states: 10-Year Note Auction,NDX,open_at_release,2,3,0.07179344489216163,0.10748592573859297,0.0,2.5,0.5
united states: 10-Year Note Auction,NDX,open_at_release,21,3,0.6251537804932372,-0.013688106117693,0.0,21.5,0.5
united states: 10-Year Note Auction,NDX,open_at_release,22,3,0.6522977880044449,0.11649863075469113,0.0,22.5,0.5
united states: 10-Year Note Auction,NDX,open_at_release,23,3,0.7421090997255595,0.2775198310905002,0.0,23.5,0.5
united states: 10-Year Note Auction,NDX,open_at_release,24,3,0.8560597314024587,0.24995042046249694,0.0,24.5,0.5
united states: 10-Year Note Auction,STOXX50E,closed_at_release,1,3,0.49253545198169046,0.23781978258392572,14.0,15.0,2.0
united states: 10-Year Note Auction,STOXX50E,closed_at_release,2,3,0.25544576676950204,0.2339850926181164,14.0,16.0,2.0
united states: 10-Year Note Auction,STOXX50E,closed_at_release,3,3,0.2733306532565464,0.1705894854969747,14.0,17.0,2.0
united states: 10-Year Note Auction,STOXX50E,closed_at_release,4,3,0.03158521590929848,0.06581077175253913,14.0,18.0,2.0
united states: 10-Year Note Auction,STOXX50E,closed_at_release,5,3,0.20789804730124334,0.13021187598554196,14.0,19.0,2.0
united states: 10-Year Note Auction,STOXX50E,closed_at_release,6,3,-0.07923414166009318,-0.2146019600678617,14.0,20.0,2.0
united states: 10-Year Note Auction,STOXX50E,closed_at_release,7,3,-0.4499090516864553,-0.457147701329641,14.0,21.0,2.0
united states: 10-Year Note Auction,STOXX50E,closed_at_release,8,3,-0.4809293193603607,-0.29236966011806365,14.0,22.0,2.0
united states: 10-Year Note Auction,STOXX50E,closed_at_release,24,3,-0.13067076755896392,-0.04098355830300937,14.0,39.0,2.0
united states: 30-Year Bond Auction,HSI,closed_at_release,1,3,-1.0587469079238725,-1.7535675938007529,31.833333333333332,32.833333333333336,10.166666666666666
united states: 30-Year Bond Auction,HSI,closed_at_release,2,3,-0.233082900270243,-0.3888492297933865,31.833333333333332,33.833333333333336,10.166666666666666
united states: 30-Year Bond Auction,HSI,closed_at_release,4,3,-0.06271288415432563,-0.38649451890451214,31.833333333333332,36.833333333333336,10.166666666666666
united states: 30-Year Bond Auction,HSI,closed_at_release,5,3,-0.06271288415432563,-0.38649451890451214,31.833333333333332,36.833333333333336,10.166666666666666
united states: 30-Year Bond Auction,HSI,closed_at_release,6,3,-0.14510492550225587,-0.7521369691173229,31.833333333333332,37.833333333333336,10.166666666666666
united states: 30-Year Bond Auction,HSI,closed_at_release,24,2,0.8707204335270115,0.8707204335270115,44.0,69.0,10.0
united states: 30-Year Bond Auction,NDX,open_at_release,1,3,-0.02418031270909891,-0.2123110510446224,0.0,1.5,0.5
united states: 30-Year Bond Auction,NDX,open_at_release,2,3,-0.002754318178033214,-0.2214380380977099,0.0,2.5,0.5
united states: 30-Year Bond Auction,NDX,open_at_release,21,3,0.6701050485015051,0.4493069203676425,0.0,21.5,0.5
united states: 30-Year Bond Auction,NDX,open_at_release,22,3,0.528656244038313,-0.04610954745910556,0.0,22.5,0.5
united states: 30-Year Bond Auction,NDX,open_at_release,23,3,0.5818676263976993,-0.04492979145966913,0.0,23.5,0.5
united states: 30-Year Bond Auction,NDX,open_at_release,24,3,0.6391190944048423,0.1506305255470686,0.0,24.5,0.5
united states: 30-Year Bond Auction,STOXX50E,closed_at_release,1,3,0.35281181020088886,0.2741238360866483,14.0,15.0,2.0
united states: 30-Year Bond Auction,STOXX50E,closed_at_release,2,3,0.32708959394694614,0.2389026477115585,14.0,16.0,2.0
united states: 30-Year Bond Auction,STOXX50E,closed_at_release,3,3,0.4381667954308203,0.4759872374294316,14.0,17.0,2.0
united states: 30-Year Bond Auction,STOXX50E,closed_at_release,4,3,0.42595959788020993,0.2710661798641212,14.0,18.0,2.0
united states: 30-Year Bond Auction,STOXX50E,closed_at_release,5,3,0.3556277103044773,0.267238228656419,14.0,19.0,2.0
united states: 30-Year Bond Auction,STOXX50E,closed_at_release,6,3,0.43655869882011084,0.2803359228914726,14.0,20.0,2.0
united states: 30-Year Bond Auction,STOXX50E,closed_at_release,7,3,0.6865529450260643,0.5725591595590496,14.0,21.0,2.0
united states: 30-Year Bond Auction,STOXX50E,closed_at_release,8,3,0.6375849137540228,0.7220952689475313,14.0,22.0,2.0
united states: 30-Year Bond Auction,STOXX50E,closed_at_release,24,1,0.8930887039952706,0.8930887039952706,14.0,39.0,2.0
united states: ADP Nonfarm Employment Change,HSI,closed_at_release,1,2,-0.29454725286305883,-0.29454725286305883,12.75,13.75,5.25
united states: ADP Nonfarm Employment Change,HSI,closed_at_release,2,2,-0.14223647369666642,-0.14223647369666642,12.75,14.75,5.25
united states: ADP Nonfarm Employment Change,HSI,closed_at_release,4,2,-0.36602130116322185,-0.36602130116322185,12.75,17.75,5.25
united states: ADP Nonfarm Employment Change,HSI,closed_at_release,5,2,-0.36602130116322185,-0.36602130116322185,12.75,17.75,5.25
united states: ADP Nonfarm Employment Change,HSI,closed_at_release,6,2,-0.41208929127262706,-0.41208929127262706,12.75,18.75,5.25
united states: ADP Nonfarm Employment Change,HSI,closed_at_release,24,2,0.10493758860243285,0.10493758860243285,12.75,37.75,5.25
united states: ADP Nonfarm Employment Change,NDX,closed_at_release,1,2,0.3660649708401186,0.3660649708401186,1.25,2.25,16.75
united states: ADP Nonfarm Employment Change,NDX,closed_at_release,2,2,0.37516225936126135,0.37516225936126135,1.25,3.25,16.75
united states: ADP Nonfarm Employment Change,NDX,closed_at_release,3,2,0.33574080802605266,0.33574080802605266,1.25,4.25,16.75
united states: ADP Nonfarm Employment Change,NDX,closed_at_release,4,2,0.2313077659749585,0.2313077659749585,1.25,5.25,16.75
united states: ADP Nonfarm Employment Change,NDX,closed_at_release,5,2,0.2619536633277078,0.2619536633277078,1.25,6.25,16.75
united states: ADP Nonfarm Employment Change,NDX,closed_at_release,6,2,0.23590134974710297,0.23590134974710297,1.25,7.25,16.75
united states: ADP Nonfarm Employment Change,NDX,closed_at_release,24,2,-0.7875400099474403,-0.7875400099474403,1.25,26.25,16.75
united states: ADP Nonfarm Employment Change,STOXX50E,open_at_release,1,2,0.1558977526453953,0.1558977526453953,0.0,1.75,0.25
united states: ADP Nonfarm Employment Change,STOXX50E,open_at_release,2,2,0.29524572639353375,0.29524572639353375,0.0,2.75,0.25
united states: ADP Nonfarm Employment Change,STOXX50E,open_at_release,3,1,0.24374856102236103,0.24374856102236103,0.0,3.75,0.25
united states: ADP Nonfarm Employment Change,STOXX50E,open_at_release,19,1,0.8367991405421771,0.8367991405421771,0.0,19.75,0.25
united states: ADP Nonfarm Employment Change,STOXX50E,open_at_release,20,2,0.030158575281119482,0.030158575281119482,0.0,20.75,0.25
united states: ADP Nonfarm Employment Change,STOXX50E,open_at_release,21,2,-0.05243678572044436,-0.05243678572044436,0.0,21.75,0.25
united states: ADP Nonfarm Employment Change,STOXX50E,open_at_release,22,2,0.02961993545071978,0.02961993545071978,0.0,22.75,0.25
united states: ADP Nonfarm Employment Change,STOXX50E,open_at_release,23,2,-0.016113492714214916,-0.016113492714214916,0.0,23.75,0.25
united states: ADP Nonfarm Employment Change,STOXX50E,open_at_release,24,2,0.06798551509655248,0.06798551509655248,0.0,24.75,0.25
united states: Average Hourly Earnings (MoM),HSI,closed_at_release,1,2,0.30104979120194614,0.30104979120194614,60.5,61.5,5.5
united states: Average Hourly Earnings (MoM),HSI,closed_at_release,2,2,-0.1469355752438506,-0.1469355752438506,60.5,62.5,5.5
united states: Average Hourly Earnings (MoM),HSI,closed_at_release,4,2,-0.11119009065712065,-0.11119009065712065,60.5,65.5,5.5
united states: Average Hourly Earnings (MoM),HSI,closed_at_release,5,2,-0.11119009065712065,-0.11119009065712065,60.5,65.5,5.5
united states: Average Hourly Earnings (MoM),HSI,closed_at_release,6,2,0.8637060394631192,0.8637060394631192,60.5,66.5,5.5
united states: Average Hourly Earnings (MoM),HSI,closed_at_release,24,2,2.628058758560437,2.628058758560437,60.5,85.5,5.5
united states: Average Hourly Earnings (MoM),NDX,closed_at_release,1,2,0.8716181613058317,0.8716181613058317,1.0,2.0,17.0
united states: Average Hourly Earnings (MoM),NDX,closed_at_release,2,2,0.8886513991224421,0.8886513991224421,1.0,3.0,17.0
united states: Average Hourly Earnings (MoM),NDX,closed_at_release,3,2,0.7779602016681264,0.7779602016681264,1.0,4.0,17.0
united states: Average Hourly Earnings (MoM),NDX,closed_at_release,4,2,0.8948558371786985,0.8948558371786985,1.0,5.0,17.0
united states: Average Hourly Earnings (MoM),NDX,closed_at_release,5,2,0.5952038732520815,0.5952038732520815,1.0,6.0,17.0
united states: Average Hourly Earnings (MoM),NDX,closed_at_release,6,2,0.6513887820170816,0.6513887820170816,1.0,7.0,17.0
united states: Average Hourly Earnings (MoM),STOXX50E,open_at_release,1,2,-0.08348423397173677,-0.08348423397173677,0.0,1.5,0.5
united states: Average Hourly Earnings (MoM),STOXX50E,open_at_release,2,2,0.0017112899338589116,0.0017112899338589116,0.0,2.5,0.5
united states: Average Hourly Earnings (MoM),STOXX50E,open_at_release,3,1,0.3383099766289144,0.3383099766289144,0.0,3.5,0.5
united states: CB Consumer Confidence,HSI,closed_at_release,1,3,0.2403479712533186,0.2593004833693069,10.833333333333334,11.833333333333334,7.166666666666667
united states: CB Consumer Confidence,HSI,closed_at_release,2,3,0.06789962714273123,0.4855929668887704,10.833333333333334,12.833333333333334,7.166666666666667
united states: CB Consumer Confidence,HSI,closed_at_release,4,2,-0.07609080047699124,-0.07609080047699124,11.0,16.0,7.0
united states: CB Consumer Confidence,HSI,closed_at_release,5,2,-0.07609080047699124,-0.07609080047699124,11.0,16.0,7.0
united states: CB Consumer Confidence,HSI,closed_at_release,6,2,0.44836522158845904,0.44836522158845904,11.0,17.0,7.0
united states: CB Consumer Confidence,HSI,closed_at_release,24,2,0.13383380333378814,0.13383380333378814,11.0,36.0,7.0
united states: CB Consumer Confidence,NDX,open_at_release,1,3,0.15961801086755337,0.03338726012147575,0.0,1.5,0.5
united states: CB Consumer Confidence,NDX,open_at_release,2,3,0.23557418312869874,0.18244649750063235,0.0,2.5,0.5
united states: CB Consumer Confidence,NDX,open_at_release,3,3,0.4034790104162189,0.38768509902684656,0.0,3.5,0.5
united states: CB Consumer Confidence,NDX,open_at_release,4,3,0.45482541065059073,0.5683221191429277,0.0,4.5,0.5
united states: CB Consumer Confidence,NDX,open_at_release,5,3,0.5073080623488212,0.351934212520022,0.0,5.5,0.5
united states: CB Consumer Confidence,NDX,open_at_release,24,3,0.5079503377181622,0.9118616824365988,0.0,24.5,0.5
united states: CB Consumer Confidence,STOXX50E,open_at_release,1,3,-0.2744071402194237,-0.2928992964573607,0.0,1.0,0.0
united states: CB Consumer Confidence,STOXX50E,open_at_release,2,1,-0.24754812381163616,-0.24754812381163616,0.0,2.0,0.0
united states: CB Consumer Confidence,STOXX50E,open_at_release,17,1,-0.9525458600086025,-0.9525458600086025,0.0,18.0,0.0
united states: CB Consumer Confidence,STOXX50E,open_at_release,18,2,-0.9953528917169109,-0.9953528917169109,0.0,18.5,0.0
united states: CB Consumer Confidence,STOXX50E,open_at_release,19,2,-1.0689965520182865,-1.0689965520182865,0.0,19.0,0.0
united states: CB Consumer Confidence,STOXX50E,open_at_release,20,2,-1.218570427635507,-1.218570427635507,0.0,20.0,0.0
united states: CB Consumer Confidence,STOXX50E,open_at_release,21,2,-1.249489186442676,-1.249489186442676,0.0,21.0,0.0
united states: CB Consumer Confidence,STOXX50E,open_at_release,22,2,-1.3922266406529715,-1.3922266406529715,0.0,22.0,0.0
united states: CB Consumer Confidence,STOXX50E,open_at_release,23,2,-1.4519558193693771,-1.4519558193693771,0.0,23.0,0.0
united states: CB Consumer Confidence,STOXX50E,open_at_release,24,2,-1.2313789306651168,-1.2313789306651168,0.0,24.0,0.0
united states: CPI (MoM),HSI,closed_at_release,1,3,-0.7973643975953572,-0.542809941624911,36.333333333333336,37.333333333333336,5.666666666666667
united states: CPI (MoM),HSI,closed_at_release,2,3,0.20420457701184253,-0.3888492297933865,36.333333333333336,38.333333333333336,5.666666666666667
united states: CPI (MoM),HSI,closed_at_release,4,3,-0.06600131037803525,-0.38649451890451214,36.333333333333336,41.333333333333336,5.666666666666667
united states: CPI (MoM),HSI,closed_at_release,5,3,-0.06600131037803525,-0.38649451890451214,36.333333333333336,41.333333333333336,5.666666666666667
united states: CPI (MoM),HSI,closed_at_release,6,3,-0.3359577818560183,-0.7521369691173229,36.333333333333336,42.333333333333336,5.666666666666667
united states: CPI (MoM),HSI,closed_at_release,24,3,-1.017671462280386,-1.3610228937685933,36.333333333333336,61.333333333333336,5.666666666666667
united states: CPI (MoM),NDX,closed_at_release,1,3,0.33629700698709264,-0.12104392667116048,1.0,2.0,17.0
united states: CPI (MoM),NDX,closed_at_release,2,3,0.5752126162006673,0.00900302802808728,1.0,3.0,17.0
united states: CPI (MoM),NDX,closed_at_release,3,3,0.7068231622392229,0.16985133906772806,1.0,4.0,17.0
united states: CPI (MoM),NDX,closed_at_release,4,3,0.7959948623157408,0.21600632345650794,1.0,5.0,17.0
united states: CPI (MoM),NDX,closed_at_release,5,3,0.6793906614956527,0.1167574192912246,1.0,6.0,17.0
united states: CPI (MoM),NDX,closed_at_release,6,3,0.6827255124531121,-0.01942712954150494,1.0,7.0,17.0
united states: CPI (MoM),NDX,closed_at_release,24,3,0.4776812076808282,0.1937436192365638,1.0,26.0,17.0
united states: CPI (MoM),STOXX50E,open_at_release,1,3,-0.18359832893553396,-0.13447377518371884,0.0,1.5,0.5
united states: CPI (MoM),STOXX50E,open_at_release,2,3,-0.12985684737005052,-0.012067894158673821,0.0,2.5,0.5
united states: CPI (MoM),STOXX50E,open_at_release,19,3,0.43030113181518437,0.2526043258527677,0.0,19.5,0.5
united states: CPI (MoM),STOXX50E,open_at_release,20,3,0.4873832991134456,0.24876907029067752,0.0,20.5,0.5
united states: CPI (MoM),STOXX50E,open_at_release,21,3,0.5228367339773018,0.18536411265595018,0.0,21.5,0.5
united states: CPI (MoM),STOXX50E,open_at_release,22,3,0.5997839797711921,0.08056994461063116,0.0,22.5,0.5
united states: CPI (MoM),STOXX50E,open_at_release,23,3,0.6317718905070379,0.1449805476626542,0.0,23.5,0.5
united states: CPI (MoM),STOXX50E,open_at_release,24,3,0.8119575523913366,0.29763160644953324,0.0,24.5,0.5
united states: CPI (YoY),HSI,closed_at_release,1,3,-0.7973643975953572,-0.542809941624911,36.333333333333336,37.333333333333336,5.666666666666667
united states: CPI (YoY),HSI,closed_at_release,2,3,0.20420457701184253,-0.3888492297933865,36.333333333333336,38.333333333333336,5.666666666666667
united states: CPI (YoY),HSI,closed_at_release,4,3,-0.06600131037803525,-0.38649451890451214,36.333333333333336,41.333333333333336,5.666666666666667
united states: CPI (YoY),HSI,closed_at_release,5,3,-0.06600131037803525,-0.38649451890451214,36.333333333333336,41.333333333333336,5.666666666666667
united states: CPI (YoY),HSI,closed_at_release,6,3,-0.3359577818560183,-0.7521369691173229,36.333333333333336,42.333333333333336,5.666666666666667
united states: CPI (YoY),HSI,closed_at_release,24,3,-1.017671462280386,-1.3610228937685933,36.333333333333336,61.333333333333336,5.666666666666667
united states: CPI (YoY),NDX,closed_at_release,1,3,0.33629700698709264,-0.12104392667116048,1.0,2.0,17.0
united states: CPI (YoY),NDX,closed_at_release,2,3,0.5752126162006673,0.00900302802808728,1.0,3.0,17.0
united states: CPI (YoY),NDX,closed_at_release,3,3,0.7068231622392229,0.16985133906772806,1.0,4.0,17.0
united states: CPI (YoY),NDX,closed_at_release,4,3,0.7959948623157408,0.21600632345650794,1.0,5.0,17.0
united states: CPI (YoY),NDX,closed_at_release,5,3,0.6793906614956527,0.1167574192912246,1.0,6.0,17.0
united states: CPI (YoY),NDX,closed_at_release,6,3,0.6827255124531121,-0.01942712954150494,1.0,7.0,17.0
united states: CPI (YoY),NDX,closed_at_release,24,3,0.4776812076808282,0.1937436192365638,1.0,26.0,17.0
united states: CPI (YoY),STOXX50E,open_at_release,1,3,-0.18359832893553396,-0.13447377518371884,0.0,1.5,0.5
united states: CPI (YoY),STOXX50E,open_at_release,2,3,-0.12985684737005052,-0.012067894158673821,0.0,2.5,0.5
united states: CPI (YoY),STOXX50E,open_at_release,19,3,0.43030113181518437,0.2526043258527677,0.0,19.5,0.5
united states: CPI (YoY),STOXX50E,open_at_release,20,3,0.4873832991134456,0.24876907029067752,0.0,20.5,0.5
united states: CPI (YoY),STOXX50E,open_at_release,21,3,0.5228367339773018,0.18536411265595018,0.0,21.5,0.5
united states: CPI (YoY),STOXX50E,open_at_release,22,3,0.5997839797711921,0.08056994461063116,0.0,22.5,0.5
united states: CPI (YoY),STOXX50E,open_at_release,23,3,0.6317718905070379,0.1449805476626542,0.0,23.5,0.5
united states: CPI (YoY),STOXX50E,open_at_release,24,3,0.8119575523913366,0.29763160644953324,0.0,24.5,0.5
united states: Chicago PMI,HSI,closed_at_release,1,2,0.5241455016856023,0.5241455016856023,35.25,36.25,6.75
united states: Chicago PMI,HSI,closed_at_release,2,2,0.46658689938199327,0.46658689938199327,35.25,37.25,6.75
united states: Chicago PMI,HSI,closed_at_release,4,2,0.3455975031180447,0.3455975031180447,35.25,40.25,6.75
united states: Chicago PMI,HSI,closed_at_release,5,2,0.3455975031180447,0.3455975031180447,35.25,40.25,6.75
united states: Chicago PMI,HSI,closed_at_release,6,2,0.6179570555046143,0.6179570555046143,35.25,41.25,6.75
united states: Chicago PMI,HSI,closed_at_release,24,1,0.18978697224645288,0.18978697224645288,58.75,83.75,7.25
united states: Chicago PMI,NDX,open_at_release,1,3,-0.18640167788877005,-0.05370622235610911,0.0,1.75,0.25
united states: Chicago PMI,NDX,open_at_release,2,3,-0.03739342563771427,0.48462769967532193,0.0,2.75,0.25
united states: Chicago PMI,NDX,open_at_release,3,2,-0.44171770824707474,-0.44171770824707474,0.0,3.75,0.25
united states: Chicago PMI,NDX,open_at_release,4,2,-0.5562799309280775,-0.5562799309280775,0.0,4.75,0.25
united states: Chicago PMI,NDX,open_at_release,5,2,-0.5430447877303013,-0.5430447877303013,0.0,5.75,0.25
united states: Chicago PMI,NDX,open_at_release,24,1,-0.40044159350315345,-0.40044159350315345,0.0,24.75,0.25
united states: Chicago PMI,STOXX50E,open_at_release,1,3,-0.12984489276504824,-0.1715399742945545,0.0,1.25,0.75
united states: Chicago PMI,STOXX50E,open_at_release,2,1,-0.7240156242261708,-0.7240156242261708,0.0,2.25,0.75
united states: Chicago PMI,STOXX50E,open_at_release,19,1,-0.07256664676259517,-0.07256664676259517,0.0,19.25,0.75
united states: Chicago PMI,STOXX50E,open_at_release,20,1,0.11069710285036558,0.11069710285036558,0.0,20.25,0.75
united states: Chicago PMI,STOXX50E,open_at_release,21,1,0.28799164431652097,0.28799164431652097,0.0,21.25,0.75
united states: Chicago PMI,STOXX50E,open_at_release,22,1,0.36364858939457184,0.36364858939457184,0.0,22.25,0.75
united states: Chicago PMI,STOXX50E,open_at_release,23,1,0.4139489824966258,0.4139489824966258,0.0,23.25,0.75
united states: Chicago PMI,STOXX50E,open_at_release,24,1,0.3473616099991084,0.3473616099991084,0.0,24.25,0.75
united states: Core CPI (MoM),HSI,closed_at_release,1,3,-0.7973643975953572,-0.542809941624911,36.333333333333336,37.333333333333336,5.666666666666667
united states: Core CPI (MoM),HSI,closed_at_release,2,3,0.20420457701184253,-0.3888492297933865,36.333333333333336,38.333333333333336,5.666666666666667
united states: Core CPI (MoM),HSI,closed_at_release,4,3,-0.06600131037803525,-0.38649451890451214,36.333333333333336,41.333333333333336,5.666666666666667
united states: Core CPI (MoM),HSI,closed_at_release,5,3,-0.06600131037803525,-0.38649451890451214,36.333333333333336,41.333333333333336,5.666666666666667
united states: Core CPI (MoM),HSI,closed_at_release,6,3,-0.3359577818560183,-0.7521369691173229,36.333333333333336,42.333333333333336,5.666666666666667
united states: Core CPI (MoM),HSI,closed_at_release,24,3,-1.017671462280386,-1.3610228937685933,36.333333333333336,61.333333333333336,5.666666666666667
united states: Core CPI (MoM),NDX,closed_at_release,1,3,0.33629700698709264,-0.12104392667116048,1.0,2.0,17.0
united states: Core CPI (MoM),NDX,closed_at_release,2,3,0.5752126162006673,0.00900302802808728,1.0,3.0,17.0
united states: Core CPI (MoM),NDX,closed_at_release,3,3,0.7068231622392229,0.16985133906772806,1.0,4.0,17.0
united states: Core CPI (MoM),NDX,closed_at_release,4,3,0.7959948623157408,0.21600632345650794,1.0,5.0,17.0
united states: Core CPI (MoM),NDX,closed_at_release,5,3,0.6793906614956527,0.1167574192912246,1.0,6.0,17.0
united states: Core CPI (MoM),NDX,closed_at_release,6,3,0.6827255124531121,-0.01942712954150494,1.0,7.0,17.0
united states: Core CPI (MoM),NDX,closed_at_release,24,3,0.4776812076808282,0.1937436192365638,1.0,26.0,17.0
united states: Core CPI (MoM),STOXX50E,open_at_release,1,3,-0.18359832893553396,-0.13447377518371884,0.0,1.5,0.5
united states: Core CPI (MoM),STOXX50E,open_at_release,2,3,-0.12985684737005052,-0.012067894158673821,0.0,2.5,0.5
united states: Core CPI (MoM),STOXX50E,open_at_release,19,3,0.43030113181518437,0.2526043258527677,0.0,19.5,0.5
united states: Core CPI (MoM),STOXX50E,open_at_release,20,3,0.4873832991134456,0.24876907029067752,0.0,20.5,0.5
united states: Core CPI (MoM),STOXX50E,open_at_release,21,3,0.5228367339773018,0.18536411265595018,0.0,21.5,0.5
united states: Core CPI (MoM),STOXX50E,open_at_release,22,3,0.5997839797711921,0.08056994461063116,0.0,22.5,0.5
united states: Core CPI (MoM),STOXX50E,open_at_release,23,3,0.6317718905070379,0.1449805476626542,0.0,23.5,0.5
united states: Core CPI (MoM),STOXX50E,open_at_release,24,3,0.8119575523913366,0.29763160644953324,0.0,24.5,0.5
united states: Core PCE Price Index (MoM),HSI,closed_at_release,1,3,-0.17288789371963467,0.25873035714143455,27.833333333333332,28.833333333333332,6.166666666666667
united states: Core PCE Price Index (MoM),HSI,closed_at_release,2,3,-0.1598689066727074,0.3606481441192244,27.833333333333332,29.833333333333332,6.166666666666667
united states: Core PCE Price Index (MoM),HSI,closed_at_release,4,3,-0.06971682295940536,0.5383353661100987,27.833333333333332,32.833333333333336,6.166666666666667
united states: Core PCE Price Index (MoM),HSI,closed_at_release,5,3,-0.06971682295940536,0.5383353661100987,27.833333333333332,32.833333333333336,6.166666666666667
united states: Core PCE Price Index (MoM),HSI,closed_at_release,6,3,-0.09135522109581233,0.47609225546059175,27.833333333333332,33.833333333333336,6.166666666666667
united states: Core PCE Price Index (MoM),HSI,closed_at_release,24,2,0.23827848507471094,0.23827848507471094,35.25,60.25,6.75
united states: Core PCE Price Index (MoM),NDX,closed_at_release,1,2,-1.078281447982471,-1.078281447982471,1.0,2.0,17.0
united states: Core PCE Price Index (MoM),NDX,closed_at_release,2,2,-0.7122729103287484,-0.7122729103287484,1.0,3.0,17.0
united states: Core PCE Price Index (MoM),NDX,closed_at_release,3,2,-0.4149780036369789,-0.4149780036369789,1.0,4.0,17.0
united states: Core PCE Price Index (MoM),NDX,closed_at_release,4,2,-0.7777605732224356,-0.7777605732224356,1.0,5.0,17.0
united states: Core PCE Price Index (MoM),NDX,closed_at_release,5,2,-0.7573078918645281,-0.7573078918645281,1.0,6.0,17.0
united states: Core PCE Price Index (MoM),NDX,closed_at_release,6,2,-0.7952566692358667,-0.7952566692358667,1.0,7.0,17.0
united states: Core PCE Price Index (MoM),NDX,closed_at_release,24,1,-1.4383530484865514,-1.4383530484865514,1.0,26.0,17.0
united states: Core PCE Price Index (MoM),NDX,open_at_release,1,1,-0.903218662646954,-0.903218662646954,0.0,1.5,0.5
united states: Core PCE Price Index (MoM),NDX,open_at_release,2,1,-0.9105818582663574,-0.9105818582663574,0.0,2.5,0.5
united states: Core PCE Price Index (MoM),NDX,open_at_release,3,1,-0.681479680062591,-0.681479680062591,0.0,3.5,0.5
united states: Core PCE Price Index (MoM),NDX,open_at_release,4,1,-0.5380566203512903,-0.5380566203512903,0.0,4.5,0.5
united states: Core PCE Price Index (MoM),NDX,open_at_release,5,1,-0.5526050208563005,-0.5526050208563005,0.0,5.5,0.5
united states: Core PCE Price Index (MoM),STOXX50E,open_at_release,1,3,-0.03919168403141436,-0.0897391193895314,0.0,1.3333333333333333,0.3333333333333333
united states: Core PCE Price Index (MoM),STOXX50E,open_at_release,2,2,0.02716487313500504,0.02716487313500504,0.0,2.5,0.5
united states: Core PCE Price Index (MoM),STOXX50E,open_at_release,3,1,-0.6324431412246145,-0.6324431412246145,0.0,3.5,0.5
united states: Core PCE Price Index (MoM),STOXX50E,open_at_release,17,1,0.71157224298104,0.71157224298104,0.0,18.0,0.0
united states: Core PCE Price Index (MoM),STOXX50E,open_at_release,18,1,0.71157224298104,0.71157224298104,0.0,18.0,0.0
united states: Core PCE Price Index (MoM),STOXX50E,open_at_release,19,1,0.909000367658197,0.909000367658197,0.0,19.0,0.0
united states: Core PCE Price Index (MoM),STOXX50E,open_at_release,20,2,0.32357067215277313,0.32357067215277313,0.0,20.25,0.25
united states: Core PCE Price Index (MoM),STOXX50E,open_at_release,21,2,0.434082382674128,0.434082382674128,0.0,21.25,0.25
united states: Core PCE Price Index (MoM),STOXX50E,open_at_release,22,2,0.44689814802649774,0.44689814802649774,0.0,22.25,0.25
united states: Core PCE Price Index (MoM),STOXX50E,open_at_release,23,2,0.46449185503811835,0.46449185503811835,0.0,23.25,0.25
united states: Core PCE Price Index (MoM),STOXX50E,open_at_release,24,2,0.5440407230572597,0.5440407230572597,0.0,24.25,0.25
united states: Core PCE Price Index (YoY),HSI,closed_at_release,1,3,-0.17288789371963467,0.25873035714143455,27.833333333333332,28.833333333333332,6.166666666666667
united states: Core PCE Price Index (YoY),HSI,closed_at_release,2,3,-0.1598689066727074,0.3606481441192244,27.833333333333332,29.833333333333332,6.166666666666667
united states: Core PCE Price Index (YoY),HSI,closed_at_release,4,3,-0.06971682295940536,0.5383353661100987,27.833333333333332,32.833333333333336,6.166666666666667
united states: Core PCE Price Index (YoY),HSI,closed_at_release,5,3,-0.06971682295940536,0.5383353661100987,27.833333333333332,32.833333333333336,6.166666666666667
united states: Core PCE Price Index (YoY),HSI,closed_at_release,6,3,-0.09135522109581233,0.47609225546059175,27.833333333333332,33.833333333333336,6.166666666666667
united states: Core PCE Price Index (YoY),HSI,closed_at_release,24,2,0.23827848507471094,0.23827848507471094,35.25,60.25,6.75
united states: Core PCE Price Index (YoY),NDX,closed_at_release,1,2,-1.078281447982471,-1.078281447982471,1.0,2.0,17.0
united states: Core PCE Price Index (YoY),NDX,closed_at_release,2,2,-0.7122729103287484,-0.7122729103287484,1.0,3.0,17.0
united states: Core PCE Price Index (YoY),NDX,closed_at_release,3,2,-0.4149780036369789,-0.4149780036369789,1.0,4.0,17.0
united states: Core PCE Price Index (YoY),NDX,closed_at_release,4,2,-0.7777605732224356,-0.7777605732224356,1.0,5.0,17.0
united states: Core PCE Price Index (YoY),NDX,closed_at_release,5,2,-0.7573078918645281,-0.7573078918645281,1.0,6.0,17.0
united states: Core PCE Price Index (YoY),NDX,closed_at_release,6,2,-0.7952566692358667,-0.7952566692358667,1.0,7.0,17.0
united states: Core PCE Price Index (YoY),NDX,closed_at_release,24,1,-1.4383530484865514,-1.4383530484865514,1.0,26.0,17.0
united states: Core PCE Price Index (YoY),NDX,open_at_release,1,1,-0.903218662646954,-0.903218662646954,0.0,1.5,0.5
united states: Core PCE Price Index (YoY),NDX,open_at_release,2,1,-0.9105818582663574,-0.9105818582663574,0.0,2.5,0.5
united states: Core PCE Price Index (YoY),NDX,open_at_release,3,1,-0.681479680062591,-0.681479680062591,0.0,3.5,0.5
united states: Core PCE Price Index (YoY),NDX,open_at_release,4,1,-0.5380566203512903,-0.5380566203512903,0.0,4.5,0.5
united states: Core PCE Price Index (YoY),NDX,open_at_release,5,1,-0.5526050208563005,-0.5526050208563005,0.0,5.5,0.5
united states: Core PCE Price Index (YoY),STOXX50E,open_at_release,1,3,-0.03919168403141436,-0.0897391193895314,0.0,1.3333333333333333,0.3333333333333333
united states: Core PCE Price Index (YoY),STOXX50E,open_at_release,2,2,0.02716487313500504,0.02716487313500504,0.0,2.5,0.5
united states: Core PCE Price Index (YoY),STOXX50E,open_at_release,3,1,-0.6324431412246145,-0.6324431412246145,0.0,3.5,0.5
united states: Core PCE Price Index (YoY),STOXX50E,open_at_release,17,1,0.71157224298104,0.71157224298104,0.0,18.0,0.0
united states: Core PCE Price Index (YoY),STOXX50E,open_at_release,18,1,0.71157224298104,0.71157224298104,0.0,18.0,0.0
united states: Core PCE Price Index (YoY),STOXX50E,open_at_release,19,1,0.909000367658197,0.909000367658197,0.0,19.0,0.0
united states: Core PCE Price Index (YoY),STOXX50E,open_at_release,20,2,0.32357067215277313,0.32357067215277313,0.0,20.25,0.25
united states: Core PCE Price Index (YoY),STOXX50E,open_at_release,21,2,0.434082382674128,0.434082382674128,0.0,21.25,0.25
united states: Core PCE Price Index (YoY),STOXX50E,open_at_release,22,2,0.44689814802649774,0.44689814802649774,0.0,22.25,0.25
united states: Core PCE Price Index (YoY),STOXX50E,open_at_release,23,2,0.46449185503811835,0.46449185503811835,0.0,23.25,0.25
united states: Core PCE Price Index (YoY),STOXX50E,open_at_release,24,2,0.5440407230572597,0.5440407230572597,0.0,24.25,0.25
united states: Core Retail Sales (MoM),HSI,closed_at_release,1,3,0.9071247608196591,0.7508145767808116,28.333333333333332,29.333333333333332,5.666666666666667
united states: Core Retail Sales (MoM),HSI,closed_at_release,2,3,1.0076862913802387,1.262121155987317,28.333333333333332,30.333333333333332,5.666666666666667
united states: Core Retail Sales (MoM),HSI,closed_at_release,4,3,1.6085896504034467,0.6270689559406241,28.333333333333332,33.333333333333336,5.666666666666667
united states: Core Retail Sales (MoM),HSI,closed_at_release,5,3,1.6085896504034467,0.6270689559406241,28.333333333333332,33.333333333333336,5.666666666666667
united states: Core Retail Sales (MoM),HSI,closed_at_release,6,3,1.5983698762928709,0.6367348729880764,28.333333333333332,34.333333333333336,5.666666666666667
united states: Core Retail Sales (MoM),HSI,closed_at_release,24,2,0.1587609215788211,0.1587609215788211,36.0,61.0,6.0
united states: Core Retail Sales (MoM),NDX,closed_at_release,1,3,-0.7976047946322303,-0.8809103832344569,1.0,2.0,17.0
united states: Core Retail Sales (MoM),NDX,closed_at_release,2,3,-0.6657848384650888,-0.4782077370780846,1.0,3.0,17.0
united states: Core Retail Sales (MoM),NDX,closed_at_release,3,3,-0.7527872660656427,-0.48507584893791045,1.0,4.0,17.0
united states: Core Retail Sales (MoM),NDX,closed_at_release,4,3,-0.8304333836023322,-0.5920789130162475,1.0,5.0,17.0
united states: Core Retail Sales (MoM),NDX,closed_at_release,5,3,-1.0923864910546868,-0.7170909079352582,1.0,6.0,17.0
united states: Core Retail Sales (MoM),NDX,closed_at_release,6,3,-1.0444851714940546,-0.7874405010084518,1.0,7.0,17.0
united states: Core Retail Sales (MoM),NDX,closed_at_release,24,2,0.10985573105403723,0.10985573105403723,1.0,26.0,17.0
united states: Core Retail Sales (MoM),STOXX50E,open_at_release,1,3,-0.06498903586128107,-0.06003902783559002,0.0,1.5,0.5
united states: Core Retail Sales (MoM),STOXX50E,open_at_release,2,3,-0.1492685547777669,-0.010718787478125604,0.0,2.5,0.5
united states: Core Retail Sales (MoM),STOXX50E,open_at_release,19,2,0.34997544862389596,0.34997544862389596,0.0,19.5,0.5
united states: Core Retail Sales (MoM),STOXX50E,open_at_release,20,2,0.322250198748697,0.322250198748697,0.0,20.5,0.5
united states: Core Retail Sales (MoM),STOXX50E,open_at_release,21,2,0.5009850625886547,0.5009850625886547,0.0,21.5,0.5
united states: Core Retail Sales (MoM),STOXX50E,open_at_release,22,2,0.39381374989937434,0.39381374989937434,0.0,22.5,0.5
united states: Core Retail Sales (MoM),STOXX50E,open_at_release,23,2,0.44934323595505754,0.44934323595505754,0.0,23.5,0.5
united states: Core Retail Sales (MoM),STOXX50E,open_at_release,24,2,0.3440020638903806,0.3440020638903806,0.0,24.5,0.5
united states: Crude Oil Inventories,HSI,closed_at_release,1,12,0.13283047307289983,0.24385796896525536,14.041666666666666,15.041666666666666,7.958333333333333
united states: Crude Oil Inventories,HSI,closed_at_release,2,12,0.3588372484053045,0.15209759648768803,14.041666666666666,16.041666666666668,7.958333333333333
united states: Crude Oil Inventories,HSI,closed_at_release,4,12,0.5537629901763513,0.06963434018643078,14.041666666666666,19.041666666666668,7.958333333333333
united states: Crude Oil Inventories,HSI,closed_at_release,5,12,0.5537629901763513,0.06963434018643078,14.041666666666666,19.041666666666668,7.958333333333333
united states: Crude Oil Inventories,HSI,closed_at_release,6,12,0.46532331879468036,-0.10474124539716634,14.041666666666666,20.041666666666668,7.958333333333333
united states: Crude Oil Inventories,HSI,closed_at_release,24,8,-0.05086003662935071,-0.4429731704326034,10.25,35.25,7.75
united states: Crude Oil Inventories,NDX,open_at_release,1,12,0.03421887990212872,0.03439557707629603,0.0,1.125,0.125
united states: Crude Oil Inventories,NDX,open_at_release,2,12,0.0672723438079531,0.06826594646656137,0.0,2.125,0.125
united states: Crude Oil Inventories,NDX,open_at_release,3,11,-0.01674493112195816,-0.002640949602472631,0.0,3.090909090909091,0.09090909090909091
united states: Crude Oil Inventories,NDX,open_at_release,4,11,-0.1300525634237498,0.14176240187575573,0.0,4.090909090909091,0.09090909090909091
united states: Crude Oil Inventories,NDX,open_at_release,5,9,-0.18600359015225917,0.2939290314503795,0.0,5.0,0.0
united states: Crude Oil Inventories,NDX,open_at_release,23,10,-0.6320588051205345,0.10281218654356605,0.0,23.9,0.1
united states: Crude Oil Inventories,NDX,open_at_release,24,10,-0.631946385724308,0.10281218654356605,0.0,24.1,0.1
united states: Crude Oil Inventories,STOXX50E,closed_at_release,1,1,-0.13122421775475512,-0.13122421775475512,62.0,63.0,2.0
united states: Crude Oil Inventories,STOXX50E,closed_at_release,2,1,0.004700837128268631,0.004700837128268631,62.0,64.0,2.0
united states: Crude Oil Inventories,STOXX50E,closed_at_release,3,1,0.043125938919863493,0.043125938919863493,62.0,65.0,2.0
united states: Crude Oil Inventories,STOXX50E,closed_at_release,4,1,0.1862070452274489,0.1862070452274489,62.0,66.0,2.0
united states: Crude Oil Inventories,STOXX50E,closed_at_release,5,1,-0.1426719039248736,-0.1426719039248736,62.0,67.0,2.0
united states: Crude Oil Inventories,STOXX50E,closed_at_release,6,1,-0.38652658238561566,-0.38652658238561566,62.0,68.0,2.0
united states: Crude Oil Inventories,STOXX50E,closed_at_release,7,1,-0.5091675306492571,-0.5091675306492571,62.0,69.0,2.0
united states: Crude Oil Inventories,STOXX50E,closed_at_release,8,1,-0.5574035090801011,-0.5574035090801011,62.0,70.0,2.0
united states: Crude Oil Inventories,STOXX50E,open_at_release,1,1,0.12582173732098578,0.12582173732098578,0.0,1.5,0.5
united states: Crude Oil Inventories,STOXX50E,open_at_release,16,2,0.1980576903288344,0.1980576903288344,0.0,17.0,0.0
united states: Crude Oil Inventories,STOXX50E,open_at_release,17,10,0.1325463888496903,0.22931019835539246,0.0,17.4,0.4
united states: Crude Oil Inventories,STOXX50E,open_at_release,18,11,0.02997050853087333,0.10807330317677,0.0,18.40909090909091,0.4090909090909091
united states: Crude Oil Inventories,STOXX50E,open_at_release,19,11,-0.011551659964860095,0.19034086494649213,0.0,19.40909090909091,0.4090909090909091
united states: Crude Oil Inventories,STOXX50E,open_at_release,20,11,0.006243188060171212,0.1311261110019446,0.0,20.40909090909091,0.4090909090909091
united states: Crude Oil Inventories,STOXX50E,open_at_release,21,11,0.055525198754643804,0.33475366131285883,0.0,21.40909090909091,0.4090909090909091
united states: Crude Oil Inventories,STOXX50E,open_at_release,22,11,0.021628724627085413,0.15686726241372903,0.0,22.40909090909091,0.4090909090909091
united states: Crude Oil Inventories,STOXX50E,open_at_release,23,11,0.02742256443892104,0.25970279595490803,0.0,23.40909090909091,0.4090909090909091
united states: Crude Oil Inventories,STOXX50E,open_at_release,24,11,-0.02101691237932155,0.1840898809145841,0.0,24.40909090909091,0.4090909090909091
united states: Durable Goods Orders (MoM),HSI,closed_at_release,1,3,-0.01501462169447206,-0.12758720473126095,28.333333333333332,29.333333333333332,5.666666666666667
united states: Durable Goods Orders (MoM),HSI,closed_at_release,2,3,-0.13474760918312056,-0.14690395112768595,28.333333333333332,30.333333333333332,5.666666666666667
united states: Durable Goods Orders (MoM),HSI,closed_at_release,4,2,-0.5516466972486421,-0.5516466972486421,36.5,41.5,5.5
united states: Durable Goods Orders (MoM),HSI,closed_at_release,5,2,-0.5516466972486421,-0.5516466972486421,36.5,41.5,5.5
united states: Durable Goods Orders (MoM),HSI,closed_at_release,6,2,-0.5830906486769926,-0.5830906486769926,36.5,42.5,5.5
united states: Durable Goods Orders (MoM),HSI,closed_at_release,24,2,-0.14662530764785753,-0.14662530764785753,36.5,61.5,5.5
united states: Durable Goods Orders (MoM),NDX,closed_at_release,1,3,0.0758942866682617,-0.4554103058524772,1.0,2.0,33.0
united states: Durable Goods Orders (MoM),NDX,closed_at_release,2,3,0.03987519985621716,-0.04855323063478468,1.0,3.0,33.0
united states: Durable Goods Orders (MoM),NDX,closed_at_release,3,3,0.13830236471781276,0.12368469700081433,1.0,4.0,33.0
united states: Durable Goods Orders (MoM),NDX,closed_at_release,4,3,0.1418128341052741,0.32880291626267155,1.0,5.0,33.0
united states: Durable Goods Orders (MoM),NDX,closed_at_release,5,3,0.1948649246628076,0.5093339841195421,1.0,6.0,33.0
united states: Durable Goods Orders (MoM),NDX,closed_at_release,6,3,0.08179168969658275,0.2930729993621206,1.0,7.0,33.0
united states: Durable Goods Orders (MoM),NDX,closed_at_release,24,1,1.3428767770884196,1.3428767770884196,1.0,26.0,65.0
united states: Durable Goods Orders (MoM),STOXX50E,open_at_release,1,3,0.08774654728704495,0.10254055784320038,0.0,1.5,0.5
united states: Durable Goods Orders (MoM),STOXX50E,open_at_release,2,3,-0.014951808515188162,0.11828612099527014,0.0,2.5,0.5
united states: Durable Goods Orders (MoM),STOXX50E,open_at_release,19,1,0.9212659104854468,0.9212659104854468,0.0,19.5,0.5
united states: Durable Goods Orders (MoM),STOXX50E,open_at_release,20,1,1.1191051043834443,1.1191051043834443,0.0,20.5,0.5
united states: Durable Goods Orders (MoM),STOXX50E,open_at_release,21,1,0.8370533004555369,0.8370533004555369,0.0,21.5,0.5
united states: Durable Goods Orders (MoM),STOXX50E,open_at_release,22,1,0.874722197053379,0.874722197053379,0.0,22.5,0.5
united states: Durable Goods Orders (MoM),STOXX50E,open_at_release,23,1,0.7225795280188408,0.7225795280188408,0.0,23.5,0.5
united states: Durable Goods Orders (MoM),STOXX50E,open_at_release,24,1,0.6819558029989015,0.6819558029989015,0.0,24.5,0.5
united states: Existing Home Sales,HSI,closed_at_release,1,3,-0.3995797311214651,-0.2848147373389454,10.833333333333334,11.833333333333334,7.166666666666667
united states: Existing Home Sales,HSI,closed_at_release,2,3,-0.4626694663664721,-0.5775821464741204,10.833333333333334,12.833333333333334,7.166666666666667
united states: Existing Home Sales,HSI,closed_at_release,4,3,-0.980252500778215,-1.3189381629281627,10.833333333333334,15.833333333333334,7.166666666666667
united states: Existing Home Sales,HSI,closed_at_release,5,3,-0.980252500778215,-1.3189381629281627,10.833333333333334,15.833333333333334,7.166666666666667
united states: Existing Home Sales,HSI,closed_at_release,6,3,-1.2609345873396347,-1.4879434120887547,10.833333333333334,16.833333333333332,7.166666666666667
united states: Existing Home Sales,HSI,closed_at_release,24,1,-0.5972878162400108,-0.5972878162400108,11.5,36.5,6.5
united states: Existing Home Sales,NDX,open_at_release,1,3,-0.4192636853896592,-0.3720454989123989,0.0,1.5,0.5
united states: Existing Home Sales,NDX,open_at_release,2,3,-0.7145138700253386,-0.8605212920025138,0.0,2.5,0.5
united states: Existing Home Sales,NDX,open_at_release,3,3,-0.6197920368201252,-0.5037376205035193,0.0,3.5,0.5
united states: Existing Home Sales,NDX,open_at_release,4,3,-0.7891816241301494,-0.6384492166357059,0.0,4.5,0.5
united states: Existing Home Sales,NDX,open_at_release,5,3,-0.645255176723399,-0.6875832004564097,0.0,5.5,0.5
united states: Existing Home Sales,NDX,open_at_release,24,3,-0.6480669757513972,-0.69603524313816,0.0,24.5,0.5
united states: Existing Home Sales,STOXX50E,open_at_release,1,3,0.1664063671807862,0.04477702161178598,0.0,1.0,0.0
united states: Existing Home Sales,STOXX50E,open_at_release,17,3,0.07207821882251704,0.4382528730355829,0.0,18.0,0.0
united states: Existing Home Sales,STOXX50E,open_at_release,18,3,0.07207821882251704,0.4382528730355829,0.0,18.0,0.0
united states: Existing Home Sales,STOXX50E,open_at_release,19,3,-0.22805923528541974,0.1973086880395769,0.0,19.0,0.0
united states: Existing Home Sales,STOXX50E,open_at_release,20,3,-0.22906506368764265,0.1628766302878004,0.0,20.0,0.0
united states: Existing Home Sales,STOXX50E,open_at_release,21,3,-0.23098721329551178,0.282233532698184,0.0,21.0,0.0
united states: Existing Home Sales,STOXX50E,open_at_release,22,3,-0.014270667009659954,0.5936566413691889,0.0,22.0,0.0
united states: Existing Home Sales,STOXX50E,open_at_release,23,3,-0.038756978690531296,0.5116017104703552,0.0,23.0,0.0
united states: Existing Home Sales,STOXX50E,open_at_release,24,3,0.2272598383548319,0.5026878579577067,0.0,24.0,0.0
united states: FOMC Economic Projections,HSI,closed_at_release,1,1,-1.2579682435987172,-1.2579682435987172,6.5,7.5,11.5
united states: FOMC Economic Projections,HSI,closed_at_release,2,1,-1.1334206273126202,-1.1334206273126202,6.5,8.5,11.5
united states: FOMC Economic Projections,HSI,closed_at_release,4,1,-0.523086239256143,-0.523086239256143,6.5,11.5,11.5
united states: FOMC Economic Projections,HSI,closed_at_release,5,1,-0.523086239256143,-0.523086239256143,6.5,11.5,11.5
united states: FOMC Economic Projections,HSI,closed_at_release,6,1,-0.37626500731503526,-0.37626500731503526,6.5,12.5,11.5
united states: FOMC Economic Projections,HSI,closed_at_release,24,1,-0.6600080864616942,-0.6600080864616942,6.5,31.5,11.5
united states: FOMC Economic Projections,NDX,open_at_release,1,1,-2.5377767426477242,-2.5377767426477242,0.0,1.5,0.5
united states: FOMC Economic Projections,NDX,open_at_release,20,1,-3.4550338821941584,-3.4550338821941584,0.0,20.5,0.5
united states: FOMC Economic Projections,NDX,open_at_release,21,1,-2.981778818081515,-2.981778818081515,0.0,21.5,0.5
united states: FOMC Economic Projections,NDX,open_at_release,22,1,-3.6453382581195903,-3.6453382581195903,0.0,22.5,0.5
united states: FOMC Economic Projections,NDX,open_at_release,23,1,-3.2985766003992834,-3.2985766003992834,0.0,23.5,0.5
united states: FOMC Economic Projections,NDX,open_at_release,24,1,-3.429504162730501,-3.429504162730501,0.0,24.5,0.5
united states: FOMC Economic Projections,STOXX50E,closed_at_release,1,1,-1.1659191414430947,-1.1659191414430947,13.0,14.0,3.0
united states: FOMC Economic Projections,STOXX50E,closed_at_release,2,1,-1.6036205230081313,-1.6036205230081313,13.0,15.0,3.0
united states: FOMC Economic Projections,STOXX50E,closed_at_release,3,1,-1.9150762585831704,-1.9150762585831704,13.0,16.0,3.0
united states: FOMC Economic Projections,STOXX50E,closed_at_release,4,1,-1.675689268589231,-1.675689268589231,13.0,17.0,3.0
united states: FOMC Economic Projections,STOXX50E,closed_at_release,5,1,-1.406308861221406,-1.406308861221406,13.0,18.0,3.0
united states: FOMC Economic Projections,STOXX50E,closed_at_release,6,1,-1.4701296627918081,-1.4701296627918081,13.0,19.0,3.0
united states: FOMC Economic Projections,STOXX50E,closed_at_release,7,1,-1.7052894585966927,-1.7052894585966927,13.0,20.0,3.0
united states: FOMC Economic Projections,STOXX50E,closed_at_release,8,1,-1.7129377308736204,-1.7129377308736204,13.0,21.0,3.0
united states: FOMC Economic Projections,STOXX50E,closed_at_release,24,1,-2.8434172559178794,-2.8434172559178794,13.0,38.0,3.0
united states: FOMC Meeting Minutes,HSI,closed_at_release,1,2,1.7583481707238557,1.7583481707238557,7.0,8.0,11.0
united states: FOMC Meeting Minutes,HSI,closed_at_release,2,2,2.3572485077060894,2.3572485077060894,7.0,9.0,11.0
united states: FOMC Meeting Minutes,HSI,closed_at_release,4,2,2.3098390922016376,2.3098390922016376,7.0,12.0,11.0
united states: FOMC Meeting Minutes,HSI,closed_at_release,5,2,2.3098390922016376,2.3098390922016376,7.0,12.0,11.0
united states: FOMC Meeting Minutes,HSI,closed_at_release,6,2,2.826577655224427,2.826577655224427,7.0,13.0,11.0
united states: FOMC Meeting Minutes,HSI,closed_at_release,24,1,1.3215032226660872,1.3215032226660872,6.5,31.5,11.5
united states: FOMC Meeting Minutes,NDX,open_at_release,1,2,0.029587921547535867,0.029587921547535867,0.0,1.5,0.5
united states: FOMC Meeting Minutes,NDX,open_at_release,20,2,-0.443256272959891,-0.443256272959891,0.0,20.5,0.5
united states: FOMC Meeting Minutes,NDX,open_at_release,21,2,-0.4901781709537034,-0.4901781709537034,0.0,21.5,0.5
united states: FOMC Meeting Minutes,NDX,open_at_release,22,2,-0.4133672148833366,-0.4133672148833366,0.0,22.5,0.5
united states: FOMC Meeting Minutes,NDX,open_at_release,23,2,-0.31278585530910563,-0.31278585530910563,0.0,23.5,0.5
united states: FOMC Meeting Minutes,NDX,open_at_release,24,2,-0.3657973337436226,-0.3657973337436226,0.0,24.5,0.5
united states: FOMC Meeting Minutes,STOXX50E,closed_at_release,1,2,-0.4527616725299998,-0.4527616725299998,13.0,14.0,3.0
united states: FOMC Meeting Minutes,STOXX50E,closed_at_release,2,2,-0.5299380299117639,-0.5299380299117639,13.0,15.0,3.0
united states: FOMC Meeting Minutes,STOXX50E,closed_at_release,3,2,-0.5083829413318309,-0.5083829413318309,13.0,16.0,3.0
united states: FOMC Meeting Minutes,STOXX50E,closed_at_release,4,2,-0.46185834341338494,-0.46185834341338494,13.0,17.0,3.0
united states: FOMC Meeting Minutes,STOXX50E,closed_at_release,5,2,-0.36626588962386797,-0.36626588962386797,13.0,18.0,3.0
united states: FOMC Meeting Minutes,STOXX50E,closed_at_release,6,2,-0.4831017447189945,-0.4831017447189945,13.0,19.0,3.0
united states: FOMC Meeting Minutes,STOXX50E,closed_at_release,7,2,-0.5417385931875851,-0.5417385931875851,13.0,20.0,3.0
united states: FOMC Meeting Minutes,STOXX50E,closed_at_release,8,2,-0.5039381009943833,-0.5039381009943833,13.0,21.0,3.0
united states: FOMC Meeting Minutes,STOXX50E,closed_at_release,24,2,0.019901206433653444,0.019901206433653444,13.0,38.0,3.0
united states: FOMC Press Conference,HSI,closed_at_release,1,2,-0.23458711701357382,-0.23458711701357382,6.0,7.0,12.0
united states: FOMC Press Conference,HSI,closed_at_release,2,2,-0.7960066645925412,-0.7960066645925412,6.0,8.0,12.0
united states: FOMC Press Conference,HSI,closed_at_release,4,2,-0.5480480396490238,-0.5480480396490238,6.0,11.0,12.0
united states: FOMC Press Conference,HSI,closed_at_release,5,2,-0.5480480396490238,-0.5480480396490238,6.0,11.0,12.0
united states: FOMC Press Conference,HSI,closed_at_release,6,2,-0.5311785516781742,-0.5311785516781742,6.0,12.0,12.0
united states: FOMC Press Conference,HSI,closed_at_release,24,1,-0.6600080864616942,-0.6600080864616942,6.0,31.0,12.0
united states: FOMC Press Conference,NDX,open_at_release,1,2,-0.7109561016509172,-0.7109561016509172,0.0,1.0,0.0
united states: FOMC Press Conference,NDX,open_at_release,19,2,-1.2411286537101274,-1.2411286537101274,0.0,20.0,0.0
united states: FOMC Press Conference,NDX,open_at_release,20,2,-1.2411286537101274,-1.2411286537101274,0.0,20.0,0.0
united states: FOMC Press Conference,NDX,open_at_release,21,2,-0.9655466276180968,-0.9655466276180968,0.0,21.0,0.0
united states: FOMC Press Conference,NDX,open_at_release,22,2,-1.3131127994568947,-1.3131127994568947,0.0,22.0,0.0
united states: FOMC Press Conference,NDX,open_at_release,23,2,-1.0680349964448608,-1.0680349964448608,0.0,23.0,0.0
united states: FOMC Press Conference,NDX,open_at_release,24,2,-1.0707844603630168,-1.0707844603630168,0.0,24.0,0.0
united states: FOMC Press Conference,STOXX50E,closed_at_release,1,2,-0.8171979862231782,-0.8171979862231782,12.5,13.5,3.5
united states: FOMC Press Conference,STOXX50E,closed_at_release,2,2,-1.358985934594481,-1.358985934594481,12.5,14.5,3.5
united states: FOMC Press Conference,STOXX50E,closed_at_release,3,2,-1.620164751229758,-1.620164751229758,12.5,15.5,3.5
united states: FOMC Press Conference,STOXX50E,closed_at_release,4,2,-1.3294472016528391,-1.3294472016528391,12.5,16.5,3.5
united states: FOMC Press Conference,STOXX50E,closed_at_release,5,2,-1.1500462372948053,-1.1500462372948053,12.5,17.5,3.5
united states: FOMC Press Conference,STOXX50E,closed_at_release,6,2,-1.2800101617135242,-1.2800101617135242,12.5,18.5,3.5
united states: FOMC Press Conference,STOXX50E,closed_at_release,7,2,-1.475599270966127,-1.475599270966127,12.5,19.5,3.5
united states: FOMC Press Conference,STOXX50E,closed_at_release,8,2,-1.4672984550573698,-1.4672984550573698,12.5,20.5,3.5
united states: FOMC Press Conference,STOXX50E,closed_at_release,24,1,-2.8434172559178794,-2.8434172559178794,12.5,37.5,3.5
united states: FOMC Statement,HSI,closed_at_release,1,2,-0.23458711701357382,-0.23458711701357382,6.5,7.5,11.5
united states: FOMC Statement,HSI,closed_at_release,2,2,-0.7960066645925412,-0.7960066645925412,6.5,8.5,11.5
united states: FOMC Statement,HSI,closed_at_release,4,2,-0.5480480396490238,-0.5480480396490238,6.5,11.5,11.5
united states: FOMC Statement,HSI,closed_at_release,5,2,-0.5480480396490238,-0.5480480396490238,6.5,11.5,11.5
united states: FOMC Statement,HSI,closed_at_release,6,2,-0.5311785516781742,-0.5311785516781742,6.5,12.5,11.5
united states: FOMC Statement,HSI,closed_at_release,24,1,-0.6600080864616942,-0.6600080864616942,6.5,31.5,11.5
united states: FOMC Statement,NDX,open_at_release,1,2,-1.1303321024133786,-1.1303321024133786,0.0,1.5,0.5
united states: FOMC Statement,NDX,open_at_release,20,2,-1.6563185369803224,-1.6563185369803224,0.0,20.5,0.5
united states: FOMC Statement,NDX,open_at_release,21,2,-1.3828951130765486,-1.3828951130765486,0.0,21.5,0.5
united states: FOMC Statement,NDX,open_at_release,22,2,-1.7274116941838336,-1.7274116941838336,0.0,22.5,0.5
united states: FOMC Statement,NDX,open_at_release,23,2,-1.4838900010205103,-1.4838900010205103,0.0,23.5,0.5
united states: FOMC Statement,NDX,open_at_release,24,2,-1.4859987983534995,-1.4859987983534995,0.0,24.5,0.5
united states: FOMC Statement,STOXX50E,closed_at_release,1,2,-0.8171979862231782,-0.8171979862231782,13.0,14.0,3.0
united states: FOMC Statement,STOXX50E,closed_at_release,2,2,-1.358985934594481,-1.358985934594481,13.0,15.0,3.0
united states: FOMC Statement,STOXX50E,closed_at_release,3,2,-1.620164751229758,-1.620164751229758,13.0,16.0,3.0
united states: FOMC Statement,STOXX50E,closed_at_release,4,2,-1.3294472016528391,-1.3294472016528391,13.0,17.0,3.0
united states: FOMC Statement,STOXX50E,closed_at_release,5,2,-1.1500462372948053,-1.1500462372948053,13.0,18.0,3.0
united states: FOMC Statement,STOXX50E,closed_at_release,6,2,-1.2800101617135242,-1.2800101617135242,13.0,19.0,3.0
united states: FOMC Statement,STOXX50E,closed_at_release,7,2,-1.475599270966127,-1.475599270966127,13.0,20.0,3.0
united states: FOMC Statement,STOXX50E,closed_at_release,8,2,-1.4672984550573698,-1.4672984550573698,13.0,21.0,3.0
united states: FOMC Statement,STOXX50E,closed_at_release,24,1,-2.8434172559178794,-2.8434172559178794,13.0,38.0,3.0
united states: Fed Chair Powell Speaks,HSI,closed_at_release,1,2,-0.3843548077682335,-0.3843548077682335,6.125,7.125,11.875
united states: Fed Chair Powell Speaks,HSI,closed_at_release,2,2,-0.2050963189341949,-0.2050963189341949,6.125,8.125,11.875
united states: Fed Chair Powell Speaks,HSI,closed_at_release,4,2,-0.4826097377956029,-0.4826097377956029,6.125,11.125,11.875
united states: Fed Chair Powell Speaks,HSI,closed_at_release,5,2,-0.4826097377956029,-0.4826097377956029,6.125,11.125,11.875
united states: Fed Chair Powell Speaks,HSI,closed_at_release,6,2,-0.47878278666137475,-0.47878278666137475,6.125,12.125,11.875
united states: Fed Chair Powell Speaks,HSI,closed_at_release,24,1,-0.28865852462519603,-0.28865852462519603,6.75,31.75,11.25
united states: Fed Chair Powell Speaks,NDX,open_at_release,1,1,0.23587712502581848,0.23587712502581848,0.0,1.75,0.25
united states: Fed Chair Powell Speaks,NDX,open_at_release,19,1,-2.1875939933370114,-2.1875939933370114,0.0,19.5,0.5
united states: Fed Chair Powell Speaks,NDX,open_at_release,20,2,-0.9924592266918166,-0.9924592266918166,0.0,20.625,0.375
united states: Fed Chair Powell Speaks,NDX,open_at_release,21,2,-1.1751122913356893,-1.1751122913356893,0.0,21.625,0.375
united states: Fed Chair Powell Speaks,NDX,open_at_release,22,2,-1.147540772678235,-1.147540772678235,0.0,22.625,0.375
united states: Fed Chair Powell Speaks,NDX,open_at_release,23,2,-1.4208815466296318,-1.4208815466296318,0.0,23.625,0.375
united states: Fed Chair Powell Speaks,NDX,open_at_release,24,2,-1.2817294349740824,-1.2817294349740824,0.0,24.625,0.375
united states: Fed Chair Powell Speaks,STOXX50E,closed_at_release,1,2,0.16905785050630462,0.16905785050630462,12.625,13.625,3.375
united states: Fed Chair Powell Speaks,STOXX50E,closed_at_release,2,2,0.13143834637272536,0.13143834637272536,12.625,14.625,3.375
united states: Fed Chair Powell Speaks,STOXX50E,closed_at_release,3,2,0.16198248675399762,0.16198248675399762,12.625,15.625,3.375
united states: Fed Chair Powell Speaks,STOXX50E,closed_at_release,4,2,0.0850953142156941,0.0850953142156941,12.625,16.625,3.375
united states: Fed Chair Powell Speaks,STOXX50E,closed_at_release,5,2,0.11755569716117022,0.11755569716117022,12.625,17.625,3.375
united states: Fed Chair Powell Speaks,STOXX50E,closed_at_release,6,2,0.024137839866933408,0.024137839866933408,12.625,18.625,3.375
united states: Fed Chair Powell Speaks,STOXX50E,closed_at_release,7,2,-0.014398354891148601,-0.014398354891148601,12.625,19.625,3.375
united states: Fed Chair Powell Speaks,STOXX50E,closed_at_release,8,2,-0.05441471333797465,-0.05441471333797465,12.625,20.625,3.375
united states: Fed Chair Powell Speaks,STOXX50E,closed_at_release,24,1,0.9916361520246886,0.9916361520246886,13.25,38.25,2.75
united states: Fed Interest Rate Decision,HSI,closed_at_release,1,2,-0.23458711701357382,-0.23458711701357382,6.5,7.5,11.5
united states: Fed Interest Rate Decision,HSI,closed_at_release,2,2,-0.7960066645925412,-0.7960066645925412,6.5,8.5,11.5
united states: Fed Interest Rate Decision,HSI,closed_at_release,4,2,-0.5480480396490238,-0.5480480396490238,6.5,11.5,11.5
united states: Fed Interest Rate Decision,HSI,closed_at_release,5,2,-0.5480480396490238,-0.5480480396490238,6.5,11.5,11.5
united states: Fed Interest Rate Decision,HSI,closed_at_release,6,2,-0.5311785516781742,-0.5311785516781742,6.5,12.5,11.5
united states: Fed Interest Rate Decision,HSI,closed_at_release,24,1,-0.6600080864616942,-0.6600080864616942,6.5,31.5,11.5
united states: Fed Interest Rate Decision,NDX,open_at_release,1,2,-1.1303321024133786,-1.1303321024133786,0.0,1.5,0.5
united states: Fed Interest Rate Decision,NDX,open_at_release,20,2,-1.6563185369803224,-1.6563185369803224,0.0,20.5,0.5
united states: Fed Interest Rate Decision,NDX,open_at_release,21,2,-1.3828951130765486,-1.3828951130765486,0.0,21.5,0.5
united states: Fed Interest Rate Decision,NDX,open_at_release,22,2,-1.7274116941838336,-1.7274116941838336,0.0,22.5,0.5
united states: Fed Interest Rate Decision,NDX,open_at_release,23,2,-1.4838900010205103,-1.4838900010205103,0.0,23.5,0.5
united states: Fed Interest Rate Decision,NDX,open_at_release,24,2,-1.4859987983534995,-1.4859987983534995,0.0,24.5,0.5
united states: Fed Interest Rate Decision,STOXX50E,closed_at_release,1,2,-0.8171979862231782,-0.8171979862231782,13.0,14.0,3.0
united states: Fed Interest Rate Decision,STOXX50E,closed_at_release,2,2,-1.358985934594481,-1.358985934594481,13.0,15.0,3.0
united states: Fed Interest Rate Decision,STOXX50E,closed_at_release,3,2,-1.620164751229758,-1.620164751229758,13.0,16.0,3.0
united states: Fed Interest Rate Decision,STOXX50E,closed_at_release,4,2,-1.3294472016528391,-1.3294472016528391,13.0,17.0,3.0
united states: Fed Interest Rate Decision,STOXX50E,closed_at_release,5,2,-1.1500462372948053,-1.1500462372948053,13.0,18.0,3.0
united states: Fed Interest Rate Decision,STOXX50E,closed_at_release,6,2,-1.2800101617135242,-1.2800101617135242,13.0,19.0,3.0
united states: Fed Interest Rate Decision,STOXX50E,closed_at_release,7,2,-1.475599270966127,-1.475599270966127,13.0,20.0,3.0
united states: Fed Interest Rate Decision,STOXX50E,closed_at_release,8,2,-1.4672984550573698,-1.4672984550573698,13.0,21.0,3.0
united states: Fed Interest Rate Decision,STOXX50E,closed_at_release,24,1,-2.8434172559178794,-2.8434172559178794,13.0,38.0,3.0
united states: GDP (QoQ) (Q3),HSI,closed_at_release,1,3,-0.29259802970165544,-0.2848147373389454,12.333333333333334,13.333333333333334,5.666666666666667
united states: GDP (QoQ) (Q3),HSI,closed_at_release,2,3,-0.2622939035631452,0.043808552289026366,12.333333333333334,14.333333333333334,5.666666666666667
united states: GDP (QoQ) (Q3),HSI,closed_at_release,4,3,-0.3561342581446246,-0.2136011950941485,12.333333333333334,17.333333333333332,5.666666666666667
united states: GDP (QoQ) (Q3),HSI,closed_at_release,5,3,-0.3561342581446246,-0.2136011950941485,12.333333333333334,17.333333333333332,5.666666666666667
united states: GDP (QoQ) (Q3),HSI,closed_at_release,6,3,-0.5157808151468083,-0.3161037438567993,12.333333333333334,18.333333333333332,5.666666666666667
united states: GDP (QoQ) (Q3),HSI,closed_at_release,24,2,-0.4357866972473591,-0.4357866972473591,12.5,37.5,5.5
united states: GDP (QoQ) (Q3),NDX,closed_at_release,1,3,-0.6622798727724236,-0.82470168826998,1.0,2.0,17.0
united states: GDP (QoQ) (Q3),NDX,closed_at_release,2,3,-0.5920596461144401,-0.4555632537351251,1.0,3.0,17.0
united states: GDP (QoQ) (Q3),NDX,closed_at_release,3,3,-0.868614279998355,-1.0560866181852147,1.0,4.0,17.0
united states: GDP (QoQ) (Q3),NDX,closed_at_release,4,3,-0.7189697653120645,-0.7806099966985668,1.0,5.0,17.0
united states: GDP (QoQ) (Q3),NDX,closed_at_release,5,3,-0.7551625233429262,-0.6841084033158306,1.0,6.0,17.0
united states: GDP (QoQ) (Q3),NDX,closed_at_release,6,3,-0.8135446467303575,-0.7780545175837261,1.0,7.0,17.0
united states: GDP (QoQ) (Q3),NDX,closed_at_release,24,2,-1.9408237048834316,-1.9408237048834316,1.0,26.0,17.0
united states: GDP (QoQ) (Q3),STOXX50E,open_at_release,1,3,0.007581853237959013,0.11777863257966814,0.0,1.5,0.5
united states: GDP (QoQ) (Q3),STOXX50E,open_at_release,2,3,0.035173592129048935,0.11828612099527014,0.0,2.5,0.5
united states: GDP (QoQ) (Q3),STOXX50E,open_at_release,3,1,0.24374856102236103,0.24374856102236103,0.0,3.5,0.5
united states: GDP (QoQ) (Q3),STOXX50E,open_at_release,19,2,-0.268170469244966,-0.268170469244966,0.0,19.5,0.5
united states: GDP (QoQ) (Q3),STOXX50E,open_at_release,20,3,-0.37027815798486763,-0.6067159824684311,0.0,20.5,0.5
united states: GDP (QoQ) (Q3),STOXX50E,open_at_release,21,3,-0.49983645332709986,-0.7511188269984314,0.0,21.5,0.5
united states: GDP (QoQ) (Q3),STOXX50E,open_at_release,22,3,-0.5175160886155957,-0.6999107258768289,0.0,22.5,0.5
united states: GDP (QoQ) (Q3),STOXX50E,open_at_release,23,3,-0.5432169048290322,-0.7326859109111018,0.0,23.5,0.5
united states: GDP (QoQ) (Q3),STOXX50E,open_at_release,24,3,-0.5278020835604543,-0.6411214254094966,0.0,24.5,0.5
united states: ISM Manufacturing PMI,HSI,closed_at_release,1,2,-0.16477853531438602,-0.16477853531438602,35.0,36.0,7.0
united states: ISM Manufacturing PMI,HSI,closed_at_release,2,2,0.13084427102624807,0.13084427102624807,35.0,37.0,7.0
united states: ISM Manufacturing PMI,HSI,closed_at_release,4,2,0.45319934358741826,0.45319934358741826,35.0,40.0,7.0
united states: ISM Manufacturing PMI,HSI,closed_at_release,5,2,0.45319934358741826,0.45319934358741826,35.0,40.0,7.0
united states: ISM Manufacturing PMI,HSI,closed_at_release,6,2,0.5807353676036686,0.5807353676036686,35.0,41.0,7.0
united states: ISM Manufacturing PMI,HSI,closed_at_release,24,2,0.8954441460380935,0.8954441460380935,35.0,60.0,7.0
united states: ISM Manufacturing PMI,NDX,open_at_release,1,2,0.8661807054245796,0.8661807054245796,0.0,1.5,0.5
united states: ISM Manufacturing PMI,NDX,open_at_release,2,2,0.8366089003237875,0.8366089003237875,0.0,2.5,0.5
united states: ISM Manufacturing PMI,NDX,open_at_release,3,2,0.8453016313342386,0.8453016313342386,0.0,3.5,0.5
united states: ISM Manufacturing PMI,NDX,open_at_release,4,2,0.5783409056171473,0.5783409056171473,0.0,4.5,0.5
united states: ISM Manufacturing PMI,NDX,open_at_release,5,2,0.6934181608890921,0.6934181608890921,0.0,5.5,0.5
united states: ISM Manufacturing PMI,NDX,open_at_release,24,1,0.7245108220335306,0.7245108220335306,0.0,24.5,0.5
united states: ISM Manufacturing PMI,STOXX50E,open_at_release,1,2,0.18765926150776657,0.18765926150776657,0.0,1.0,0.0
united states: ISM Manufacturing PMI,STOXX50E,open_at_release,2,1,0.35459548688991926,0.35459548688991926,0.0,2.0,0.0
united states: ISM Manufacturing PMI,STOXX50E,open_at_release,17,1,1.6367102189474014,1.6367102189474014,0.0,18.0,0.0
united states: ISM Manufacturing PMI,STOXX50E,open_at_release,18,1,1.6367102189474014,1.6367102189474014,0.0,18.0,0.0
united states: ISM Manufacturing PMI,STOXX50E,open_at_release,19,1,1.3753458511295502,1.3753458511295502,0.0,19.0,0.0
united states: ISM Manufacturing PMI,STOXX50E,open_at_release,20,1,1.1899559611582289,1.1899559611582289,0.0,20.0,0.0
united states: ISM Manufacturing PMI,STOXX50E,open_at_release,21,1,1.1513453159124112,1.1513453159124112,0.0,21.0,0.0
united states: ISM Manufacturing PMI,STOXX50E,open_at_release,22,1,1.2362502160381705,1.2362502160381705,0.0,22.0,0.0
united states: ISM Manufacturing PMI,STOXX50E,open_at_release,23,1,1.0927958050329647,1.0927958050329647,0.0,23.0,0.0
united states: ISM Manufacturing PMI,STOXX50E,open_at_release,24,1,0.9589002909736299,0.9589002909736299,0.0,24.0,0.0
united states: ISM Manufacturing Prices,HSI,closed_at_release,1,2,-0.16477853531438602,-0.16477853531438602,35.0,36.0,7.0
united states: ISM Manufacturing Prices,HSI,closed_at_release,2,2,0.13084427102624807,0.13084427102624807,35.0,37.0,7.0
united states: ISM Manufacturing Prices,HSI,closed_at_release,4,2,0.45319934358741826,0.45319934358741826,35.0,40.0,7.0
united states: ISM Manufacturing Prices,HSI,closed_at_release,5,2,0.45319934358741826,0.45319934358741826,35.0,40.0,7.0
united states: ISM Manufacturing Prices,HSI,closed_at_release,6,2,0.5807353676036686,0.5807353676036686,35.0,41.0,7.0
united states: ISM Manufacturing Prices,HSI,closed_at_release,24,2,0.8954441460380935,0.8954441460380935,35.0,60.0,7.0
united states: ISM Manufacturing Prices,NDX,open_at_release,1,2,0.8661807054245796,0.8661807054245796,0.0,1.5,0.5
united states: ISM Manufacturing Prices,NDX,open_at_release,2,2,0.8366089003237875,0.8366089003237875,0.0,2.5,0.5
united states: ISM Manufacturing Prices,NDX,open_at_release,3,2,0.8453016313342386,0.8453016313342386,0.0,3.5,0.5
united states: ISM Manufacturing Prices,NDX,open_at_release,4,2,0.5783409056171473,0.5783409056171473,0.0,4.5,0.5
united states: ISM Manufacturing Prices,NDX,open_at_release,5,2,0.6934181608890921,0.6934181608890921,0.0,5.5,0.5
united states: ISM Manufacturing Prices,NDX,open_at_release,24,1,0.7245108220335306,0.7245108220335306,0.0,24.5,0.5
united states: ISM Manufacturing Prices,STOXX50E,open_at_release,1,2,0.18765926150776657,0.18765926150776657,0.0,1.0,0.0
united states: ISM Manufacturing Prices,STOXX50E,open_at_release,2,1,0.35459548688991926,0.35459548688991926,0.0,2.0,0.0
united states: ISM Manufacturing Prices,STOXX50E,open_at_release,17,1,1.6367102189474014,1.6367102189474014,0.0,18.0,0.0
united states: ISM Manufacturing Prices,STOXX50E,open_at_release,18,1,1.6367102189474014,1.6367102189474014,0.0,18.0,0.0
united states: ISM Manufacturing Prices,STOXX50E,open_at_release,19,1,1.3753458511295502,1.3753458511295502,0.0,19.0,0.0
united states: ISM Manufacturing Prices,STOXX50E,open_at_release,20,1,1.1899559611582289,1.1899559611582289,0.0,20.0,0.0
united states: ISM Manufacturing Prices,STOXX50E,open_at_release,21,1,1.1513453159124112,1.1513453159124112,0.0,21.0,0.0
united states: ISM Manufacturing Prices,STOXX50E,open_at_release,22,1,1.2362502160381705,1.2362502160381705,0.0,22.0,0.0
united states: ISM Manufacturing Prices,STOXX50E,open_at_release,23,1,1.0927958050329647,1.0927958050329647,0.0,23.0,0.0
united states: ISM Manufacturing Prices,STOXX50E,open_at_release,24,1,0.9589002909736299,0.9589002909736299,0.0,24.0,0.0
united states: ISM Non-Manufacturing PMI,HSI,closed_at_release,1,2,-0.9863654908046915,-0.9863654908046915,10.5,11.5,7.5
united states: ISM Non-Manufacturing PMI,HSI,closed_at_release,2,2,-1.5978243860626962,-1.5978243860626962,10.5,12.5,7.5
united states: ISM Non-Manufacturing PMI,HSI,closed_at_release,4,2,-1.592593374966761,-1.592593374966761,10.5,15.5,7.5
united states: ISM Non-Manufacturing PMI,HSI,closed_at_release,5,2,-1.592593374966761,-1.592593374966761,10.5,15.5,7.5
united states: ISM Non-Manufacturing PMI,HSI,closed_at_release,6,2,-1.6643427946061107,-1.6643427946061107,10.5,16.5,7.5
united states: ISM Non-Manufacturing PMI,HSI,closed_at_release,24,2,-0.877333923107021,-0.877333923107021,10.5,35.5,7.5
united states: ISM Non-Manufacturing PMI,NDX,open_at_release,1,2,0.45156982446825644,0.45156982446825644,0.0,1.5,0.5
united states: ISM Non-Manufacturing PMI,NDX,open_at_release,2,2,0.607534575291324,0.607534575291324,0.0,2.5,0.5
united states: ISM Non-Manufacturing PMI,NDX,open_at_release,3,2,0.5052947269104546,0.5052947269104546,0.0,3.5,0.5
united states: ISM Non-Manufacturing PMI,NDX,open_at_release,4,2,0.5849734721049993,0.5849734721049993,0.0,4.5,0.5
united states: ISM Non-Manufacturing PMI,NDX,open_at_release,5,2,0.6493159124116299,0.6493159124116299,0.0,5.5,0.5
united states: ISM Non-Manufacturing PMI,NDX,open_at_release,24,2,1.805483535867414,1.805483535867414,0.0,24.5,0.5
united states: ISM Non-Manufacturing PMI,STOXX50E,open_at_release,1,2,0.1902756260835914,0.1902756260835914,0.0,1.0,0.0
united states: ISM Non-Manufacturing PMI,STOXX50E,open_at_release,17,2,1.2059794111326292,1.2059794111326292,0.0,18.0,0.0
united states: ISM Non-Manufacturing PMI,STOXX50E,open_at_release,18,2,1.2059794111326292,1.2059794111326292,0.0,18.0,0.0
united states: ISM Non-Manufacturing PMI,STOXX50E,open_at_release,19,2,0.7698700580403451,0.7698700580403451,0.0,19.0,0.0
united states: ISM Non-Manufacturing PMI,STOXX50E,open_at_release,20,2,0.7145085420838028,0.7145085420838028,0.0,20.0,0.0
united states: ISM Non-Manufacturing PMI,STOXX50E,open_at_release,21,2,0.4893683213360367,0.4893683213360367,0.0,21.0,0.0
united states: ISM Non-Manufacturing PMI,STOXX50E,open_at_release,22,2,0.591141378053428,0.591141378053428,0.0,22.0,0.0
united states: ISM Non-Manufacturing PMI,STOXX50E,open_at_release,23,2,0.27882270322981406,0.27882270322981406,0.0,23.0,0.0
united states: ISM Non-Manufacturing PMI,STOXX50E,open_at_release,24,2,-0.24610166420307994,-0.24610166420307994,0.0,24.0,0.0
united states: ISM Non-Manufacturing Prices,HSI,closed_at_release,1,2,-0.9863654908046915,-0.9863654908046915,10.5,11.5,7.5
united states: ISM Non-Manufacturing Prices,HSI,closed_at_release,2,2,-1.5978243860626962,-1.5978243860626962,10.5,12.5,7.5
united states: ISM Non-Manufacturing Prices,HSI,closed_at_release,4,2,-1.592593374966761,-1.592593374966761,10.5,15.5,7.5
united states: ISM Non-Manufacturing Prices,HSI,closed_at_release,5,2,-1.592593374966761,-1.592593374966761,10.5,15.5,7.5
united states: ISM Non-Manufacturing Prices,HSI,closed_at_release,6,2,-1.6643427946061107,-1.6643427946061107,10.5,16.5,7.5
united states: ISM Non-Manufacturing Prices,HSI,closed_at_release,24,2,-0.877333923107021,-0.877333923107021,10.5,35.5,7.5
united states: ISM Non-Manufacturing Prices,NDX,open_at_release,1,2,0.45156982446825644,0.45156982446825644,0.0,1.5,0.5
united states: ISM Non-Manufacturing Prices,NDX,open_at_release,2,2,0.607534575291324,0.607534575291324,0.0,2.5,0.5
united states: ISM Non-Manufacturing Prices,NDX,open_at_release,3,2,0.5052947269104546,0.5052947269104546,0.0,3.5,0.5
united states: ISM Non-Manufacturing Prices,NDX,open_at_release,4,2,0.5849734721049993,0.5849734721049993,0.0,4.5,0.5
united states: ISM Non-Manufacturing Prices,NDX,open_at_release,5,2,0.6493159124116299,0.6493159124116299,0.0,5.5,0.5
united states: ISM Non-Manufacturing Prices,NDX,open_at_release,24,2,1.805483535867414,1.805483535867414,0.0,24.5,0.5
united states: ISM Non-Manufacturing Prices,STOXX50E,open_at_release,1,2,0.1902756260835914,0.1902756260835914,0.0,1.0,0.0
united states: ISM Non-Manufacturing Prices,STOXX50E,open_at_release,17,2,1.2059794111326292,1.2059794111326292,0.0,18.0,0.0
united states: ISM Non-Manufacturing Prices,STOXX50E,open_at_release,18,2,1.2059794111326292,1.2059794111326292,0.0,18.0,0.0
united states: ISM Non-Manufacturing Prices,STOXX50E,open_at_release,19,2,0.7698700580403451,0.7698700580403451,0.0,19.0,0.0
united states: ISM Non-Manufacturing Prices,STOXX50E,open_at_release,20,2,0.7145085420838028,0.7145085420838028,0.0,20.0,0.0
united states: ISM Non-Manufacturing Prices,STOXX50E,open_at_release,21,2,0.4893683213360367,0.4893683213360367,0.0,21.0,0.0
united states: ISM Non-Manufacturing Prices,STOXX50E,open_at_release,22,2,0.591141378053428,0.591141378053428,0.0,22.0,0.0
united states: ISM Non-Manufacturing Prices,STOXX50E,open_at_release,23,2,0.27882270322981406,0.27882270322981406,0.0,23.0,0.0
united states: ISM Non-Manufacturing Prices,STOXX50E,open_at_release,24,2,-0.24610166420307994,-0.24610166420307994,0.0,24.0,0.0
united states: Initial Jobless Claims,HSI,closed_at_release,1,12,-0.17573414901217077,0.10370058374686296,18.333333333333332,19.333333333333332,10.0
united states: Initial Jobless Claims,HSI,closed_at_release,2,12,0.077711684183084,-0.02105033295106695,18.333333333333332,20.333333333333332,10.0
united states: Initial Jobless Claims,HSI,closed_at_release,4,12,0.08910556979669265,-0.1721500542644805,18.333333333333332,23.333333333333332,10.0
united states: Initial Jobless Claims,HSI,closed_at_release,5,12,0.08910556979669265,-0.1721500542644805,18.333333333333332,23.333333333333332,10.0
united states: Initial Jobless Claims,HSI,closed_at_release,6,12,-0.06233402168605484,-0.14827852223583404,18.333333333333332,24.333333333333332,10.0
united states: Initial Jobless Claims,HSI,closed_at_release,24,2,-1.3655649950466866,-1.3655649950466866,48.5,73.5,5.5
united states: Initial Jobless Claims,NDX,closed_at_release,1,12,-0.2604620045831655,-0.24149080157886413,1.0,2.0,19.25
united states: Initial Jobless Claims,NDX,closed_at_release,2,12,-0.10568319592389096,0.03194134835605711,1.0,3.0,19.25
united states: Initial Jobless Claims,NDX,closed_at_release,3,12,-0.13107996043786596,0.179568533175356,1.0,4.0,19.25
united states: Initial Jobless Claims,NDX,closed_at_release,4,12,-0.061642952923349204,0.029090753629473783,1.0,5.0,19.25
united states: Initial Jobless Claims,NDX,closed_at_release,5,12,-0.17120657423285165,-0.093679625808063,1.0,6.0,19.25
united states: Initial Jobless Claims,NDX,closed_at_release,6,12,-0.13358016817918061,-0.13029098972197062,1.0,7.0,19.25
united states: Initial Jobless Claims,NDX,closed_at_release,24,11,-0.08672445455258698,0.1937436192365638,1.0,26.0,19.454545454545453
united states: Initial Jobless Claims,STOXX50E,closed_at_release,1,1,0.6659540617973247,0.6659540617973247,18.5,19.5,69.5
united states: Initial Jobless Claims,STOXX50E,closed_at_release,2,1,0.8919294170188772,0.8919294170188772,18.5,20.5,69.5
united states: Initial Jobless Claims,STOXX50E,closed_at_release,3,1,0.9921130011927517,0.9921130011927517,18.5,21.5,69.5
united states: Initial Jobless Claims,STOXX50E,closed_at_release,4,1,0.9208457903025378,0.9208457903025378,18.5,22.5,69.5
united states: Initial Jobless Claims,STOXX50E,closed_at_release,5,1,1.0809297375498739,1.0809297375498739,18.5,23.5,69.5
united states: Initial Jobless Claims,STOXX50E,closed_at_release,6,1,0.7814178362484105,0.7814178362484105,18.5,24.5,69.5
united states: Initial Jobless Claims,STOXX50E,closed_at_release,7,1,1.0392042278622338,1.0392042278622338,18.5,25.5,69.5
united states: Initial Jobless Claims,STOXX50E,closed_at_release,8,1,1.0559367926608276,1.0559367926608276,18.5,26.5,69.5
united states: Initial Jobless Claims,STOXX50E,open_at_release,1,11,0.06287468812784021,0.131263286679828,0.0,1.5,0.5
united states: Initial Jobless Claims,STOXX50E,open_at_release,2,11,0.022911662820826708,0.11828612099527014,0.0,2.5,0.5
united states: Initial Jobless Claims,STOXX50E,open_at_release,3,1,-0.6324431412246145,-0.6324431412246145,0.0,3.5,0.5
united states: Initial Jobless Claims,STOXX50E,open_at_release,19,10,0.1833404836115149,0.3422299163485798,0.0,19.5,0.5
united states: Initial Jobless Claims,STOXX50E,open_at_release,20,11,0.038267789743331226,0.25777172357370753,0.0,20.5,0.5
united states: Initial Jobless Claims,STOXX50E,open_at_release,21,11,0.07700215481926724,0.33988919723826333,0.0,21.5,0.5
united states: Initial Jobless Claims,STOXX50E,open_at_release,22,11,0.06403280680863475,0.3804976060338028,0.0,22.5,0.5
united states: Initial Jobless Claims,STOXX50E,open_at_release,23,11,0.1462466911117773,0.3181705635620036,0.0,23.5,0.5
united states: Initial Jobless Claims,STOXX50E,open_at_release,24,11,0.1147059076817215,0.4403469573303065,0.0,24.5,0.5
united states: JOLTS Job Openings,HSI,closed_at_release,1,2,-0.3683633981593547,-0.3683633981593547,11.0,12.0,7.0
united states: JOLTS Job Openings,HSI,closed_at_release,2,2,-0.6097374466868644,-0.6097374466868644,11.0,13.0,7.0
united states: JOLTS Job Openings,HSI,closed_at_release,4,2,-0.7461036078037054,-0.7461036078037054,11.0,16.0,7.0
united states: JOLTS Job Openings,HSI,closed_at_release,5,2,-0.7461036078037054,-0.7461036078037054,11.0,16.0,7.0
united states: JOLTS Job Openings,HSI,closed_at_release,6,2,-0.7277846377873598,-0.7277846377873598,11.0,17.0,7.0
united states: JOLTS Job Openings,HSI,closed_at_release,24,2,-1.0271694274745116,-1.0271694274745116,11.0,36.0,7.0
united states: JOLTS Job Openings,NDX,open_at_release,1,2,0.4407505669902,0.4407505669902,0.0,1.5,0.5
united states: JOLTS Job Openings,NDX,open_at_release,2,2,0.3883670970297959,0.3883670970297959,0.0,2.5,0.5
united states: JOLTS Job Openings,NDX,open_at_release,3,2,0.5574192365149888,0.5574192365149888,0.0,3.5,0.5
united states: JOLTS Job Openings,NDX,open_at_release,4,2,0.6385708122922829,0.6385708122922829,0.0,4.5,0.5
united states: JOLTS Job Openings,NDX,open_at_release,5,2,0.8068413805625617,0.8068413805625617,0.0,5.5,0.5
united states: JOLTS Job Openings,NDX,open_at_release,24,2,1.1739312638409993,1.1739312638409993,0.0,24.5,0.5
united states: JOLTS Job Openings,STOXX50E,open_at_release,1,2,0.00917980561643271,0.00917980561643271,0.0,1.0,0.0
united states: JOLTS Job Openings,STOXX50E,open_at_release,2,1,-0.24754812381163616,-0.24754812381163616,0.0,2.0,0.0
united states: JOLTS Job Openings,STOXX50E,open_at_release,17,1,0.9399230020988414,0.9399230020988414,0.0,18.0,0.0
united states: JOLTS Job Openings,STOXX50E,open_at_release,18,2,-0.04911846066318892,-0.04911846066318892,0.0,18.5,0.0
united states: JOLTS Job Openings,STOXX50E,open_at_release,19,2,-0.09949622107328071,-0.09949622107328071,0.0,19.0,0.0
united states: JOLTS Job Openings,STOXX50E,open_at_release,20,2,-0.16326681208668192,-0.16326681208668192,0.0,20.0,0.0
united states: JOLTS Job Openings,STOXX50E,open_at_release,21,2,-0.20278493721001545,-0.20278493721001545,0.0,21.0,0.0
united states: JOLTS Job Openings,STOXX50E,open_at_release,22,2,-0.3819170221444622,-0.3819170221444622,0.0,22.0,0.0
united states: JOLTS Job Openings,STOXX50E,open_at_release,23,2,-0.3720171102278348,-0.3720171102278348,0.0,23.0,0.0
united states: JOLTS Job Openings,STOXX50E,open_at_release,24,2,-0.22612702358827952,-0.22612702358827952,0.0,24.0,0.0
united states: New Home Sales,HSI,closed_at_release,1,3,0.7894727852258531,0.9041082144640054,10.833333333333334,11.833333333333334,7.166666666666667
united states: New Home Sales,HSI,closed_at_release,2,3,1.0004387212591004,1.2092941715676542,10.833333333333334,12.833333333333334,7.166666666666667
united states: New Home Sales,HSI,closed_at_release,4,2,0.94140524020635,0.94140524020635,11.0,16.0,7.0
united states: New Home Sales,HSI,closed_at_release,5,2,0.94140524020635,0.94140524020635,11.0,16.0,7.0
united states: New Home Sales,HSI,closed_at_release,6,2,1.5530520725051342,1.5530520725051342,11.0,17.0,7.0
united states: New Home Sales,HSI,closed_at_release,24,1,1.3215032226660872,1.3215032226660872,10.5,35.5,7.5
united states: New Home Sales,NDX,open_at_release,1,3,0.011042071415860258,0.010107484784405152,0.0,1.5,0.5
united states: New Home Sales,NDX,open_at_release,2,3,0.02342543680915835,-0.017470295584864903,0.0,2.5,0.5
united states: New Home Sales,NDX,open_at_release,3,3,0.1718757024336437,0.0749977488101683,0.0,3.5,0.5
united states: New Home Sales,NDX,open_at_release,4,3,0.18823346824040263,0.11041711380148644,0.0,4.5,0.5
united states: New Home Sales,NDX,open_at_release,5,3,0.20399827209032959,0.22543816472364586,0.0,5.5,0.5
united states: New Home Sales,NDX,open_at_release,24,3,0.7828738315385737,1.4023541117997416,0.0,24.5,0.5
united states: New Home Sales,STOXX50E,open_at_release,1,3,-0.3644978209183525,-0.37924980580340556,0.0,1.0,0.0
united states: New Home Sales,STOXX50E,open_at_release,17,2,-0.803672943037498,-0.803672943037498,0.0,18.0,0.0
united states: New Home Sales,STOXX50E,open_at_release,18,2,-0.803672943037498,-0.803672943037498,0.0,18.0,0.0
united states: New Home Sales,STOXX50E,open_at_release,19,2,-0.7890176777113732,-0.7890176777113732,0.0,19.0,0.0
united states: New Home Sales,STOXX50E,open_at_release,20,2,-0.8096217197793576,-0.8096217197793576,0.0,20.0,0.0
united states: New Home Sales,STOXX50E,open_at_release,21,2,-0.8715752976153234,-0.8715752976153234,0.0,21.0,0.0
united states: New Home Sales,STOXX50E,open_at_release,22,2,-0.8196841989359105,-0.8196841989359105,0.0,22.0,0.0
united states: New Home Sales,STOXX50E,open_at_release,23,2,-0.732732427273691,-0.732732427273691,0.0,23.0,0.0
united states: New Home Sales,STOXX50E,open_at_release,24,2,-0.6657418717430363,-0.6657418717430363,0.0,24.0,0.0
united states: Nonfarm Payrolls,HSI,closed_at_release,1,2,0.30104979120194614,0.30104979120194614,60.5,61.5,5.5
united states: Nonfarm Payrolls,HSI,closed_at_release,2,2,-0.1469355752438506,-0.1469355752438506,60.5,62.5,5.5
united states: Nonfarm Payrolls,HSI,closed_at_release,4,2,-0.11119009065712065,-0.11119009065712065,60.5,65.5,5.5
united states: Nonfarm Payrolls,HSI,closed_at_release,5,2,-0.11119009065712065,-0.11119009065712065,60.5,65.5,5.5
united states: Nonfarm Payrolls,HSI,closed_at_release,6,2,0.8637060394631192,0.8637060394631192,60.5,66.5,5.5
united states: Nonfarm Payrolls,HSI,closed_at_release,24,2,2.628058758560437,2.628058758560437,60.5,85.5,5.5
united states: Nonfarm Payrolls,NDX,closed_at_release,1,2,0.8716181613058317,0.8716181613058317,1.0,2.0,17.0
united states: Nonfarm Payrolls,NDX,closed_at_release,2,2,0.8886513991224421,0.8886513991224421,1.0,3.0,17.0
united states: Nonfarm Payrolls,NDX,closed_at_release,3,2,0.7779602016681264,0.7779602016681264,1.0,4.0,17.0
united states: Nonfarm Payrolls,NDX,closed_at_release,4,2,0.8948558371786985,0.8948558371786985,1.0,5.0,17.0
united states: Nonfarm Payrolls,NDX,closed_at_release,5,2,0.5952038732520815,0.5952038732520815,1.0,6.0,17.0
united states: Nonfarm Payrolls,NDX,closed_at_release,6,2,0.6513887820170816,0.6513887820170816,1.0,7.0,17.0
united states: Nonfarm Payrolls,STOXX50E,open_at_release,1,2,-0.08348423397173677,-0.08348423397173677,0.0,1.5,0.5
united states: Nonfarm Payrolls,STOXX50E,open_at_release,2,2,0.0017112899338589116,0.0017112899338589116,0.0,2.5,0.5
united states: Nonfarm Payrolls,STOXX50E,open_at_release,3,1,0.3383099766289144,0.3383099766289144,0.0,3.5,0.5
united states: PPI (MoM),HSI,closed_at_release,1,3,-1.2444196832025727,-1.7535675938007529,28.333333333333332,29.333333333333332,13.666666666666666
united states: PPI (MoM),HSI,closed_at_release,2,3,-0.5071893815114046,-0.3888492297933865,28.333333333333332,30.333333333333332,13.666666666666666
united states: PPI (MoM),HSI,closed_at_release,4,3,-0.6298941668847294,-0.38649451890451214,28.333333333333332,33.333333333333336,13.666666666666666
united states: PPI (MoM),HSI,closed_at_release,5,3,-0.6298941668847294,-0.38649451890451214,28.333333333333332,33.333333333333336,13.666666666666666
united states: PPI (MoM),HSI,closed_at_release,6,3,-0.9037768563170513,-0.7521369691173229,28.333333333333332,34.333333333333336,13.666666666666666
united states: PPI (MoM),HSI,closed_at_release,24,1,-1.3610228937685933,-1.3610228937685933,61.0,86.0,29.0
united states: PPI (MoM),NDX,closed_at_release,1,3,-0.20157298554260478,-0.36193767648656777,1.0,2.0,17.0
united states: PPI (MoM),NDX,closed_at_release,2,3,-0.20776146889850783,-0.3005578968641731,1.0,3.0,17.0
united states: PPI (MoM),NDX,closed_at_release,3,3,-0.27143865947793316,-0.43525538099730143,1.0,4.0,17.0
united states: PPI (MoM),NDX,closed_at_release,4,3,-0.19523120448475448,-0.36330760016580754,1.0,5.0,17.0
united states: PPI (MoM),NDX,closed_at_release,5,3,-0.3165236612734194,-0.5388089671398921,1.0,6.0,17.0
united states: PPI (MoM),NDX,closed_at_release,6,3,-0.3644226701655095,-0.7224098776484222,1.0,7.0,17.0
united states: PPI (MoM),NDX,closed_at_release,24,2,-1.3512600505269698,-1.3512600505269698,1.0,26.0,17.0
united states: PPI (MoM),STOXX50E,open_at_release,1,3,0.3046666850422467,0.30450717133183586,0.0,1.5,0.5
united states: PPI (MoM),STOXX50E,open_at_release,2,3,0.3340956203094677,0.36899065545781257,0.0,2.5,0.5
united states: PPI (MoM),STOXX50E,open_at_release,19,2,0.3088301187421094,0.3088301187421094,0.0,19.5,0.5
united states: PPI (MoM),STOXX50E,open_at_release,20,2,0.3383775203683159,0.3383775203683159,0.0,20.5,0.5
united states: PPI (MoM),STOXX50E,open_at_release,21,2,0.498191515043489,0.498191515043489,0.0,21.5,0.5
united states: PPI (MoM),STOXX50E,open_at_release,22,2,0.2567565290101159,0.2567565290101159,0.0,22.5,0.5
united states: PPI (MoM),STOXX50E,open_at_release,23,2,0.2573115849518137,0.2573115849518137,0.0,23.5,0.5
united states: PPI (MoM),STOXX50E,open_at_release,24,2,0.18629113909874317,0.18629113909874317,0.0,24.5,0.5
united states: Philadelphia Fed Manufacturing Index,HSI,closed_at_release,1,3,0.10944290901317615,-0.1376711124023378,12.333333333333334,13.333333333333334,5.666666666666667
united states: Philadelphia Fed Manufacturing Index,HSI,closed_at_release,2,3,0.24278252060074093,0.043808552289026366,12.333333333333334,14.333333333333334,5.666666666666667
united states: Philadelphia Fed Manufacturing Index,HSI,closed_at_release,4,3,0.6871214676621364,-0.2136011950941485,12.333333333333334,17.333333333333332,5.666666666666667
united states: Philadelphia Fed Manufacturing Index,HSI,closed_at_release,5,3,0.6871214676621364,-0.2136011950941485,12.333333333333334,17.333333333333332,5.666666666666667
united states: Philadelphia Fed Manufacturing Index,HSI,closed_at_release,6,3,0.4230579557231457,-0.3161037438567993,12.333333333333334,18.333333333333332,5.666666666666667
united states: Philadelphia Fed Manufacturing Index,NDX,closed_at_release,1,3,-0.33505211370366356,-0.5489021150671181,1.0,2.0,17.0
united states: Philadelphia Fed Manufacturing Index,NDX,closed_at_release,2,3,0.22289402880873624,0.5317162688952104,1.0,3.0,17.0
united states: Philadelphia Fed Manufacturing Index,NDX,closed_at_release,3,3,0.06442986060551197,0.6517838772809315,1.0,4.0,17.0
united states: Philadelphia Fed Manufacturing Index,NDX,closed_at_release,4,3,0.2546845004834228,0.6317065390131881,1.0,5.0,17.0
united states: Philadelphia Fed Manufacturing Index,NDX,closed_at_release,5,3,0.06202695821494839,0.2440118869145635,1.0,6.0,17.0
united states: Philadelphia Fed Manufacturing Index,NDX,closed_at_release,6,3,0.08724937852927865,0.18270878947197478,1.0,7.0,17.0
united states: Philadelphia Fed Manufacturing Index,NDX,closed_at_release,24,3,0.07929348435787502,0.47485497004076127,1.0,26.0,17.0
united states: Philadelphia Fed Manufacturing Index,STOXX50E,open_at_release,1,3,0.020102506612577453,0.131263286679828,0.0,1.5,0.5
united states: Philadelphia Fed Manufacturing Index,STOXX50E,open_at_release,2,3,0.146128188497426,0.05380096191933692,0.0,2.5,0.5
united states: Philadelphia Fed Manufacturing Index,STOXX50E,open_at_release,19,3,0.1225977048627666,0.655082013384467,0.0,19.5,0.5
united states: Philadelphia Fed Manufacturing Index,STOXX50E,open_at_release,20,3,-0.22217141050432745,0.43005640929831834,0.0,20.5,0.5
united states: Philadelphia Fed Manufacturing Index,STOXX50E,open_at_release,21,3,-0.16735033521878562,0.39554436952820016,0.0,21.5,0.5
united states: Philadelphia Fed Manufacturing Index,STOXX50E,open_at_release,22,3,-0.21482546153105778,0.515178525364024,0.0,22.5,0.5
united states: Philadelphia Fed Manufacturing Index,STOXX50E,open_at_release,23,3,0.004776311904556667,0.7161611157102898,0.0,23.5,0.5
united states: Philadelphia Fed Manufacturing Index,STOXX50E,open_at_release,24,3,-0.027265856512622366,0.6113934202253145,0.0,24.5,0.5
united states: Retail Sales (MoM),HSI,closed_at_release,1,3,0.9071247608196591,0.7508145767808116,28.333333333333332,29.333333333333332,5.666666666666667
united states: Retail Sales (MoM),HSI,closed_at_release,2,3,1.0076862913802387,1.262121155987317,28.333333333333332,30.333333333333332,5.666666666666667
united states: Retail Sales (MoM),HSI,closed_at_release,4,3,1.6085896504034467,0.6270689559406241,28.333333333333332,33.333333333333336,5.666666666666667
united states: Retail Sales (MoM),HSI,closed_at_release,5,3,1.6085896504034467,0.6270689559406241,28.333333333333332,33.333333333333336,5.666666666666667
united states: Retail Sales (MoM),HSI,closed_at_release,6,3,1.5983698762928709,0.6367348729880764,28.333333333333332,34.333333333333336,5.666666666666667
united states: Retail Sales (MoM),HSI,closed_at_release,24,2,0.1587609215788211,0.1587609215788211,36.0,61.0,6.0
united states: Retail Sales (MoM),NDX,closed_at_release,1,3,-0.7976047946322303,-0.8809103832344569,1.0,2.0,17.0
united states: Retail Sales (MoM),NDX,closed_at_release,2,3,-0.6657848384650888,-0.4782077370780846,1.0,3.0,17.0
united states: Retail Sales (MoM),NDX,closed_at_release,3,3,-0.7527872660656427,-0.48507584893791045,1.0,4.0,17.0
united states: Retail Sales (MoM),NDX,closed_at_release,4,3,-0.8304333836023322,-0.5920789130162475,1.0,5.0,17.0
united states: Retail Sales (MoM),NDX,closed_at_release,5,3,-1.0923864910546868,-0.7170909079352582,1.0,6.0,17.0
united states: Retail Sales (MoM),NDX,closed_at_release,6,3,-1.0444851714940546,-0.7874405010084518,1.0,7.0,17.0
united states: Retail Sales (MoM),NDX,closed_at_release,24,2,0.10985573105403723,0.10985573105403723,1.0,26.0,17.0
united states: Retail Sales (MoM),STOXX50E,open_at_release,1,3,-0.06498903586128107,-0.06003902783559002,0.0,1.5,0.5
united states: Retail Sales (MoM),STOXX50E,open_at_release,2,3,-0.1492685547777669,-0.010718787478125604,0.0,2.5,0.5
united states: Retail Sales (MoM),STOXX50E,open_at_release,19,2,0.34997544862389596,0.34997544862389596,0.0,19.5,0.5
united states: Retail Sales (MoM),STOXX50E,open_at_release,20,2,0.322250198748697,0.322250198748697,0.0,20.5,0.5
united states: Retail Sales (MoM),STOXX50E,open_at_release,21,2,0.5009850625886547,0.5009850625886547,0.0,21.5,0.5
united states: Retail Sales (MoM),STOXX50E,open_at_release,22,2,0.39381374989937434,0.39381374989937434,0.0,22.5,0.5
united states: Retail Sales (MoM),STOXX50E,open_at_release,23,2,0.44934323595505754,0.44934323595505754,0.0,23.5,0.5
united states: Retail Sales (MoM),STOXX50E,open_at_release,24,2,0.3440020638903806,0.3440020638903806,0.0,24.5,0.5
united states: U.S. Presidential Election,HSI,closed_at_release,1,1,-0.8541495094528839,-0.8541495094528839,15.5,16.5,2.5
united states: U.S. Presidential Election,HSI,closed_at_release,2,1,-2.2752330397211917,-2.2752330397211917,15.5,17.5,2.5
united states: U.S. Presidential Election,HSI,closed_at_release,4,1,-1.9846234066170143,-1.9846234066170143,15.5,20.5,2.5
united states: U.S. Presidential Election,HSI,closed_at_release,5,1,-1.9846234066170143,-1.9846234066170143,15.5,20.5,2.5
united states: U.S. Presidential Election,HSI,closed_at_release,6,1,-2.3515733165043406,-2.3515733165043406,15.5,21.5,2.5
united states: U.S. Presidential Election,HSI,closed_at_release,24,1,-1.466009321588846,-1.466009321588846,15.5,40.5,2.5
united states: U.S. Presidential Election,NDX,closed_at_release,1,1,0.7506138984959333,0.7506138984959333,4.5,5.5,13.5
united states: U.S. Presidential Election,NDX,closed_at_release,2,1,0.9052445413205268,0.9052445413205268,4.5,6.5,13.5
united states: U.S. Presidential Election,NDX,closed_at_release,3,1,1.1556282126215178,1.1556282126215178,4.5,7.5,13.5
united states: U.S. Presidential Election,NDX,closed_at_release,4,1,1.023507588219985,1.023507588219985,4.5,8.5,13.5
united states: U.S. Presidential Election,NDX,closed_at_release,5,1,1.005460510542844,1.005460510542844,4.5,9.5,13.5
united states: U.S. Presidential Election,NDX,closed_at_release,6,1,1.0752562162563264,1.0752562162563264,4.5,10.5,13.5
united states: U.S. Presidential Election,NDX,closed_at_release,24,1,3.372283966079692,3.372283966079692,4.5,29.5,13.5
united states: U.S. Presidential Election,STOXX50E,open_at_release,1,1,-0.14474210596853165,-0.14474210596853165,0.0,1.0,0.0
united states: U.S. Presidential Election,STOXX50E,open_at_release,2,1,-0.22965185297101348,-0.22965185297101348,0.0,2.0,0.0
united states: U.S. Presidential Election,STOXX50E,open_at_release,3,1,-0.16818313922116745,-0.16818313922116745,0.0,3.0,0.0
united states: U.S. Presidential Election,STOXX50E,open_at_release,4,1,-0.1685947376637187,-0.1685947376637187,0.0,4.0,0.0
united states: U.S. Presidential Election,STOXX50E,open_at_release,5,1,-0.15172924050550485,-0.15172924050550485,0.0,5.0,0.0
united states: U.S. Presidential Election,STOXX50E,open_at_release,6,1,0.1303461994656141,0.1303461994656141,0.0,6.0,0.0
united states: U.S. Presidential Election,STOXX50E,open_at_release,22,1,1.6160057583626042,1.6160057583626042,0.0,23.0,0.0
united states: U.S. Presidential Election,STOXX50E,open_at_release,23,1,1.6160057583626042,1.6160057583626042,0.0,23.0,0.0
united states: U.S. Presidential Election,STOXX50E,open_at_release,24,1,0.9142906477304538,0.9142906477304538,0.0,24.0,0.0
united states: Unemployment Rate,HSI,closed_at_release,1,2,0.30104979120194614,0.30104979120194614,60.5,61.5,5.5
united states: Unemployment Rate,HSI,closed_at_release,2,2,-0.1469355752438506,-0.1469355752438506,60.5,62.5,5.5
united states: Unemployment Rate,HSI,closed_at_release,4,2,-0.11119009065712065,-0.11119009065712065,60.5,65.5,5.5
united states: Unemployment Rate,HSI,closed_at_release,5,2,-0.11119009065712065,-0.11119009065712065,60.5,65.5,5.5
united states: Unemployment Rate,HSI,closed_at_release,6,2,0.8637060394631192,0.8637060394631192,60.5,66.5,5.5
united states: Unemployment Rate,HSI,closed_at_release,24,2,2.628058758560437,2.628058758560437,60.5,85.5,5.5
united states: Unemployment Rate,NDX,closed_at_release,1,2,0.8716181613058317,0.8716181613058317,1.0,2.0,17.0
united states: Unemployment Rate,NDX,closed_at_release,2,2,0.8886513991224421,0.8886513991224421,1.0,3.0,17.0
united states: Unemployment Rate,NDX,closed_at_release,3,2,0.7779602016681264,0.7779602016681264,1.0,4.0,17.0
united states: Unemployment Rate,NDX,closed_at_release,4,2,0.8948558371786985,0.8948558371786985,1.0,5.0,17.0
united states: Unemployment Rate,NDX,closed_at_release,5,2,0.5952038732520815,0.5952038732520815,1.0,6.0,17.0
united states: Unemployment Rate,NDX,closed_at_release,6,2,0.6513887820170816,0.6513887820170816,1.0,7.0,17.0
united states: Unemployment Rate,STOXX50E,open_at_release,1,2,-0.08348423397173677,-0.08348423397173677,0.0,1.5,0.5
united states: Unemployment Rate,STOXX50E,open_at_release,2,2,0.0017112899338589116,0.0017112899338589116,0.0,2.5,0.5
united states: Unemployment Rate,STOXX50E,open_at_release,3,1,0.3383099766289144,0.3383099766289144,0.0,3.5,0.5
