event_key,family,event_timestamp_utc,actual_raw,forecast_raw,actual_numeric,forecast_numeric,unit,numeric_delta,parse_status,surprise_category,instrument,mode,status,return_pct,baseline_timestamp_utc,observation_timestamp_utc,elapsed_hours_since_event,co_release_count
685a33cc0f0ebbf8ff6435ec59d580dcfae68620d5e3b8c6d8e7e421ef6bb587,canada: BoC Interest Rate Decision,2024-10-23T13:45:00+00:00,3.75%,3.75%,3.75,3.75,percentage_points,0.0,comparable,matched,HSI,closed_at_release,ok,-0.7762533436231122,2024-10-23T07:30:00+00:00,2024-10-24T02:30:00+00:00,12.75,1
685a33cc0f0ebbf8ff6435ec59d580dcfae68620d5e3b8c6d8e7e421ef6bb587,canada: BoC Interest Rate Decision,2024-10-23T13:45:00+00:00,3.75%,3.75%,3.75,3.75,percentage_points,0.0,comparable,matched,NDX,open_at_release,ok,-0.7079617248424097,2024-10-23T13:30:00+00:00,2024-10-23T15:30:00+00:00,1.75,1
685a33cc0f0ebbf8ff6435ec59d580dcfae68620d5e3b8c6d8e7e421ef6bb587,canada: BoC Interest Rate Decision,2024-10-23T13:45:00+00:00,3.75%,3.75%,3.75,3.75,percentage_points,0.0,comparable,matched,STOXX50E,open_at_release,ok,0.38688961123019006,2024-10-23T13:00:00+00:00,2024-10-23T15:00:00+00:00,1.25,1
bd8dad5cb6ac9a22c42ee6cb1b7e29678736aa1582b533c5ff8ed0e30916e983,canada: BoC Interest Rate Decision,2024-12-11T14:45:00+00:00,3.25%,3.25%,3.25,3.25,percentage_points,0.0,comparable,matched,HSI,closed_at_release,ok,0.48028006126583644,2024-12-11T07:30:00+00:00,2024-12-12T02:30:00+00:00,11.75,1
bd8dad5cb6ac9a22c42ee6cb1b7e29678736aa1582b533c5ff8ed0e30916e983,canada: BoC Interest Rate Decision,2024-12-11T14:45:00+00:00,3.25%,3.25%,3.25,3.25,percentage_points,0.0,comparable,matched,NDX,open_at_release,ok,0.8389212299934501,2024-12-11T14:30:00+00:00,2024-12-11T16:30:00+00:00,1.75,1
bd8dad5cb6ac9a22c42ee6cb1b7e29678736aa1582b533c5ff8ed0e30916e983,canada: BoC Interest Rate Decision,2024-12-11T14:45:00+00:00,3.25%,3.25%,3.25,3.25,percentage_points,0.0,comparable,matched,STOXX50E,open_at_release,ok,-0.1966505263953256,2024-12-11T14:00:00+00:00,2024-12-11T16:00:00+00:00,1.25,1
6a7188ade19af27195075906d156a33cd201120512854c0efed493fdc33fbdb0,euro zone: CPI (YoY),2024-10-31T10:00:00+00:00,2.00%,1.90%,2.0,1.9,percentage_points,0.1,comparable,above,HSI,closed_at_release,ok,0.3450722798960637,2024-10-31T07:30:00+00:00,2024-11-01T02:30:00+00:00,16.5,1
6a7188ade19af27195075906d156a33cd201120512854c0efed493fdc33fbdb0,euro zone: CPI (YoY),2024-10-31T10:00:00+00:00,2.00%,1.90%,2.0,1.9,percentage_points,0.1,comparable,above,NDX,closed_at_release,ok,-2.0840732170443244,2024-10-30T19:30:00+00:00,2024-10-31T14:30:00+00:00,4.5,1
6a7188ade19af27195075906d156a33cd201120512854c0efed493fdc33fbdb0,euro zone: CPI (YoY),2024-10-31T10:00:00+00:00,2.00%,1.90%,2.0,1.9,percentage_points,0.1,comparable,above,STOXX50E,open_at_release,ok,0.051595645730584394,2024-10-31T10:00:00+00:00,2024-10-31T11:00:00+00:00,1.0,1
d57dd84857e74621fda096501971c35fe4fe0e808cbba9469f70869ef70e8b10,euro zone: CPI (YoY),2024-11-19T10:00:00+00:00,2.00%,2.00%,2.0,2.0,percentage_points,0.0,comparable,matched,HSI,closed_at_release,ok,-0.020716410040977348,2024-11-19T07:30:00+00:00,2024-11-20T02:30:00+00:00,16.5,1
d57dd84857e74621fda096501971c35fe4fe0e808cbba9469f70869ef70e8b10,euro zone: CPI (YoY),2024-11-19T10:00:00+00:00,2.00%,2.00%,2.0,2.0,percentage_points,0.0,comparable,matched,NDX,closed_at_release,ok,-0.22432446838378528,2024-11-18T20:30:00+00:00,2024-11-19T15:30:00+00:00,5.5,1
d57dd84857e74621fda096501971c35fe4fe0e808cbba9469f70869ef70e8b10,euro zone: CPI (YoY),2024-11-19T10:00:00+00:00,2.00%,2.00%,2.0,2.0,percentage_points,0.0,comparable,matched,STOXX50E,open_at_release,ok,0.18272191345842792,2024-11-19T10:00:00+00:00,2024-11-19T11:00:00+00:00,1.0,1
761160712066a0faf91cb10d46769ea8c3eae8d9133b5bd9db6a4b3a0d87ac13,euro zone: CPI (YoY),2024-11-29T10:00:00+00:00,2.30%,2.30%,2.3,2.3,percentage_points,0.0,comparable,matched,HSI,closed_at_release,ok,0.7032187234751408,2024-11-29T07:30:00+00:00,2024-12-02T02:30:00+00:00,64.5,1
761160712066a0faf91cb10d46769ea8c3eae8d9133b5bd9db6a4b3a0d87ac13,euro zone: CPI (YoY),2024-11-29T10:00:00+00:00,2.30%,2.30%,2.3,2.3,percentage_points,0.0,comparable,matched,NDX,closed_at_release,ok,0.7336569790246993,2024-11-27T20:30:00+00:00,2024-11-29T15:30:00+00:00,5.5,1
761160712066a0faf91cb10d46769ea8c3eae8d9133b5bd9db6a4b3a0d87ac13,euro zone: CPI (YoY),2024-11-29T10:00:00+00:00,2.30%,2.30%,2.3,2.3,percentage_points,0.0,comparable,matched,STOXX50E,open_at_release,ok,0.050888834695994575,2024-11-29T10:00:00+00:00,2024-11-29T11:00:00+00:00,1.0,1
ac6f2427c35fee2432b31b171849bad3ca93d18a614a71993d078217cf911c95,euro zone: CPI (YoY),2024-12-18T10:00:00+00:00,2.20%,2.30%,2.2,2.3,percentage_points,-0.1,comparable,below,HSI,closed_at_release,ok,-1.2579682435987172,2024-12-18T07:30:00+00:00,2024-12-19T02:30:00+00:00,16.5,1
ac6f2427c35fee2432b31b171849bad3ca93d18a614a71993d078217cf911c95,euro zone: CPI (YoY),2024-12-18T10:00:00+00:00,2.20%,2.30%,2.2,2.3,percentage_points,-0.1,comparable,below,NDX,closed_at_release,ok,0.21004556296322363,2024-12-17T20:30:00+00:00,2024-12-18T15:30:00+00:00,5.5,1
ac6f2427c35fee2432b31b171849bad3ca93d18a614a71993d078217cf911c95,euro zone: CPI (YoY),2024-12-18T10:00:00+00:00,2.20%,2.30%,2.2,2.3,percentage_points,-0.1,comparable,below,STOXX50E,open_at_release,ok,0.19604319259582953,2024-12-18T10:00:00+00:00,2024-12-18T11:00:00+00:00,1.0,1
479ee9b8121de635180cf272bdc1170f7a9b2f9340fb1fbca91fad3ef597aeab,euro zone: Deposit Facility Rate,2024-10-17T12:15:00+00:00,3.25%,3.25%,3.25,3.25,percentage_points,0.0,comparable,matched,HSI,closed_at_release,ok,0.7508145767808116,2024-10-17T07:30:00+00:00,2024-10-18T02:30:00+00:00,14.25,2
479ee9b8121de635180cf272bdc1170f7a9b2f9340fb1fbca91fad3ef597aeab,euro zone: Deposit Facility Rate,2024-10-17T12:15:00+00:00,3.25%,3.25%,3.25,3.25,percentage_points,0.0,comparable,matched,NDX,closed_at_release,ok,0.4848869760446517,2024-10-16T19:30:00+00:00,2024-10-17T14:30:00+00:00,2.25,2
479ee9b8121de635180cf272bdc1170f7a9b2f9340fb1fbca91fad3ef597aeab,euro zone: Deposit Facility Rate,2024-10-17T12:15:00+00:00,3.25%,3.25%,3.25,3.25,percentage_points,0.0,comparable,matched,STOXX50E,open_at_release,ok,0.131263286679828,2024-10-17T12:00:00+00:00,2024-10-17T14:00:00+00:00,1.75,2
bffc42e5fa2749244e240a92628c7d26325512b9d06e49ea5110321d7bcbff43,euro zone: Deposit Facility Rate,2024-12-12T13:15:00+00:00,3.00%,3.00%,3.0,3.0,percentage_points,0.0,comparable,matched,HSI,closed_at_release,ok,-1.7535675938007529,2024-12-12T07:30:00+00:00,2024-12-13T02:30:00+00:00,13.25,2
bffc42e5fa2749244e240a92628c7d26325512b9d06e49ea5110321d7bcbff43,euro zone: Deposit Facility Rate,2024-12-12T13:15:00+00:00,3.00%,3.00%,3.0,3.0,percentage_points,0.0,comparable,matched,NDX,closed_at_release,ok,-0.4886154562376066,2024-12-11T20:30:00+00:00,2024-12-12T15:30:00+00:00,2.25,2
bffc42e5fa2749244e240a92628c7d26325512b9d06e49ea5110321d7bcbff43,euro zone: Deposit Facility Rate,2024-12-12T13:15:00+00:00,3.00%,3.00%,3.0,3.0,percentage_points,0.0,comparable,matched,STOXX50E,open_at_release,ok,0.25526104251609727,2024-12-12T13:00:00+00:00,2024-12-12T15:00:00+00:00,1.75,2
c6a2ceebae947ba568630710baf7f3376f39ad513f4116c24e8cd7d8c5743c60,euro zone: ECB Interest Rate Decision,2024-10-17T12:15:00+00:00,3.40%,3.40%,3.4,3.4,percentage_points,0.0,comparable,matched,HSI,closed_at_release,ok,0.7508145767808116,2024-10-17T07:30:00+00:00,2024-10-18T02:30:00+00:00,14.25,2
c6a2ceebae947ba568630710baf7f3376f39ad513f4116c24e8cd7d8c5743c60,euro zone: ECB Interest Rate Decision,2024-10-17T12:15:00+00:00,3.40%,3.40%,3.4,3.4,percentage_points,0.0,comparable,matched,NDX,closed_at_release,ok,0.4848869760446517,2024-10-16T19:30:00+00:00,2024-10-17T14:30:00+00:00,2.25,2
c6a2ceebae947ba568630710baf7f3376f39ad513f4116c24e8cd7d8c5743c60,euro zone: ECB Interest Rate Decision,2024-10-17T12:15:00+00:00,3.40%,3.40%,3.4,3.4,percentage_points,0.0,comparable,matched,STOXX50E,open_at_release,ok,0.131263286679828,2024-10-17T12:00:00+00:00,2024-10-17T14:00:00+00:00,1.75,2
2fff30b50751105fe4aaf00385244cc3ffae88c9ed24e3621d0dd88efa581165,euro zone: ECB Interest Rate Decision,2024-12-12T13:15:00+00:00,3.15%,3.15%,3.15,3.15,percentage_points,0.0,comparable,matched,HSI,closed_at_release,ok,-1.7535675938007529,2024-12-12T07:30:00+00:00,2024-12-13T02:30:00+00:00,13.25,2
2fff30b50751105fe4aaf00385244cc3ffae88c9ed24e3621d0dd88efa581165,euro zone: ECB Interest Rate Decision,2024-12-12T13:15:00+00:00,3.15%,3.15%,3.15,3.15,percentage_points,0.0,comparable,matched,NDX,closed_at_release,ok,-0.4886154562376066,2024-12-11T20:30:00+00:00,2024-12-12T15:30:00+00:00,2.25,2
2fff30b50751105fe4aaf00385244cc3ffae88c9ed24e3621d0dd88efa581165,euro zone: ECB Interest Rate Decision,2024-12-12T13:15:00+00:00,3.15%,3.15%,3.15,3.15,percentage_points,0.0,comparable,matched,STOXX50E,open_at_release,ok,0.25526104251609727,2024-12-12T13:00:00+00:00,2024-12-12T15:00:00+00:00,1.75,2
af826b4de4a9fe930490f01c8d3de10c6cb140cfdeffa63b33b210c2bec4749e,euro zone: ECB Press Conference,2024-10-17T12:45:00+00:00,,,,,,,missing_value,unknown,HSI,closed_at_release,ok,0.7508145767808116,2024-10-17T07:30:00+00:00,2024-10-18T02:30:00+00:00,13.75,1
af826b4de4a9fe930490f01c8d3de10c6cb140cfdeffa63b33b210c2bec4749e,euro zone: ECB Press Conference,2024-10-17T12:45:00+00:00,,,,,,,missing_value,unknown,NDX,closed_at_release,ok,0.4848869760446517,2024-10-16T19:30:00+00:00,2024-10-17T14:30:00+00:00,1.75,1
af826b4de4a9fe930490f01c8d3de10c6cb140cfdeffa63b33b210c2bec4749e,euro zone: ECB Press Conference,2024-10-17T12:45:00+00:00,,,,,,,missing_value,unknown,STOXX50E,open_at_release,ok,0.131263286679828,2024-10-17T12:00:00+00:00,2024-10-17T14:00:00+00:00,1.25,1
06039b18a899cca731f57cdb76eb9b928c724a4add0d9da7474991da5961e411,euro zone: ECB Press Conference,2024-12-12T13:45:00+00:00,,,,,,,missing_value,unknown,HSI,closed_at_release,ok,-1.7535675938007529,2024-12-12T07:30:00+00:00,2024-12-13T02:30:00+00:00,12.75,1
06039b18a899cca731f57cdb76eb9b928c724a4add0d9da7474991da5961e411,euro zone: ECB Press Conference,2024-12-12T13:45:00+00:00,,,,,,,missing_value,unknown,NDX,closed_at_release,ok,-0.4886154562376066,2024-12-11T20:30:00+00:00,2024-12-12T15:30:00+00:00,1.75,1
06039b18a899cca731f57cdb76eb9b928c724a4add0d9da7474991da5961e411,euro zone: ECB Press Conference,2024-12-12T13:45:00+00:00,,,,,,,missing_value,unknown,STOXX50E,open_at_release,ok,0.25526104251609727,2024-12-12T13:00:00+00:00,2024-12-12T15:00:00+00:00,1.25,1
e05a31063e8631b010751c555389333be9aac4ed34d8e6432cb5b5e0af4ab60e,germany: German CPI (MoM),2024-10-30T13:00:00+00:00,0.40%,0.20%,0.4,0.2,percentage_points,0.2,comparable,above,HSI,closed_at_release,ok,0.5294869664303814,2024-10-30T07:30:00+00:00,2024-10-31T02:30:00+00:00,13.5,1
e05a31063e8631b010751c555389333be9aac4ed34d8e6432cb5b5e0af4ab60e,germany: German CPI (MoM),2024-10-30T13:00:00+00:00,0.40%,0.20%,0.4,0.2,percentage_points,0.2,comparable,above,NDX,closed_at_release,ok,-0.22099672795876657,2024-10-29T19:30:00+00:00,2024-10-30T14:30:00+00:00,1.5,1
e05a31063e8631b010751c555389333be9aac4ed34d8e6432cb5b5e0af4ab60e,germany: German CPI (MoM),2024-10-30T13:00:00+00:00,0.40%,0.20%,0.4,0.2,percentage_points,0.2,comparable,above,STOXX50E,open_at_release,ok,0.322247655852248,2024-10-30T13:00:00+00:00,2024-10-30T14:00:00+00:00,1.0,1
ada4295b82ba705eaa456153c73da058e92982250661ad4256c9a30d7b9e0a29,germany: German CPI (MoM),2024-11-28T13:00:00+00:00,-0.20%,-0.20%,-0.2,-0.2,percentage_points,0.0,comparable,matched,HSI,closed_at_release,ok,0.01426271599864748,2024-11-28T07:30:00+00:00,2024-11-29T02:30:00+00:00,13.5,1
ada4295b82ba705eaa456153c73da058e92982250661ad4256c9a30d7b9e0a29,germany: German CPI (MoM),2024-11-28T13:00:00+00:00,-0.20%,-0.20%,-0.2,-0.2,percentage_points,0.0,comparable,matched,NDX,closed_at_release,ok,0.7336569790246993,2024-11-27T20:30:00+00:00,2024-11-29T15:30:00+00:00,26.5,1
ada4295b82ba705eaa456153c73da058e92982250661ad4256c9a30d7b9e0a29,germany: German CPI (MoM),2024-11-28T13:00:00+00:00,-0.20%,-0.20%,-0.2,-0.2,percentage_points,0.0,comparable,matched,STOXX50E,open_at_release,ok,-0.04033229213380452,2024-11-28T13:00:00+00:00,2024-11-28T14:00:00+00:00,1.0,1
809f56175ee2b73ff425a01790bc5a985e6fdfceb351a9a841fe5ee1b20c3bc3,japan: GDP (QoQ) (Q3),2024-11-14T23:50:00+00:00,0.20%,0.20%,0.2,0.2,percentage_points,0.0,comparable,matched,HSI,closed_at_release,ok,0.34987185662003206,2024-11-14T07:30:00+00:00,2024-11-15T02:30:00+00:00,2.6666666666666665,1
809f56175ee2b73ff425a01790bc5a985e6fdfceb351a9a841fe5ee1b20c3bc3,japan: GDP (QoQ) (Q3),2024-11-14T23:50:00+00:00,0.20%,0.20%,0.2,0.2,percentage_points,0.0,comparable,matched,NDX,closed_at_release,ok,-1.9967909767068859,2024-11-14T20:30:00+00:00,2024-11-15T15:30:00+00:00,15.666666666666666,1
809f56175ee2b73ff425a01790bc5a985e6fdfceb351a9a841fe5ee1b20c3bc3,japan: GDP (QoQ) (Q3),2024-11-14T23:50:00+00:00,0.20%,0.20%,0.2,0.2,percentage_points,0.0,comparable,matched,STOXX50E,closed_at_release,ok,-0.20484234976778648,2024-11-14T16:00:00+00:00,2024-11-15T09:00:00+00:00,9.166666666666666,1
aec6f128ff7c6b4d7aa9ddccc37523637d6d3e3e654a3eeb06575dcac9fd39a8,japan: GDP (QoQ) (Q3),2024-12-08T23:50:00+00:00,0.30%,0.20%,0.3,0.2,percentage_points,0.1,comparable,above,HSI,closed_at_release,ok,0.3659203577468296,2024-12-06T07:30:00+00:00,2024-12-09T02:30:00+00:00,2.6666666666666665,1
aec6f128ff7c6b4d7aa9ddccc37523637d6d3e3e654a3eeb06575dcac9fd39a8,japan: GDP (QoQ) (Q3),2024-12-08T23:50:00+00:00,0.30%,0.20%,0.3,0.2,percentage_points,0.1,comparable,above,NDX,closed_at_release,ok,-0.4077724849404275,2024-12-06T20:30:00+00:00,2024-12-09T15:30:00+00:00,15.666666666666666,1
aec6f128ff7c6b4d7aa9ddccc37523637d6d3e3e654a3eeb06575dcac9fd39a8,japan: GDP (QoQ) (Q3),2024-12-08T23:50:00+00:00,0.30%,0.20%,0.3,0.2,percentage_points,0.1,comparable,above,STOXX50E,closed_at_release,ok,0.5343666621821841,2024-12-06T16:00:00+00:00,2024-12-09T09:00:00+00:00,9.166666666666666,1
7de93d05045652a15762ce9fc7dd63202959c6debd6a4a30a83f73a6426c07b2,united kingdom: BoE Interest Rate Decision,2024-11-07T12:00:00+00:00,4.75%,4.75%,4.75,4.75,percentage_points,0.0,comparable,matched,HSI,closed_at_release,ok,0.7887940095715695,2024-11-07T07:30:00+00:00,2024-11-08T02:30:00+00:00,14.5,1
7de93d05045652a15762ce9fc7dd63202959c6debd6a4a30a83f73a6426c07b2,united kingdom: BoE Interest Rate Decision,2024-11-07T12:00:00+00:00,4.75%,4.75%,4.75,4.75,percentage_points,0.0,comparable,matched,NDX,closed_at_release,ok,1.0304032111463801,2024-11-06T20:30:00+00:00,2024-11-07T15:30:00+00:00,3.5,1
7de93d05045652a15762ce9fc7dd63202959c6debd6a4a30a83f73a6426c07b2,united kingdom: BoE Interest Rate Decision,2024-11-07T12:00:00+00:00,4.75%,4.75%,4.75,4.75,percentage_points,0.0,comparable,matched,STOXX50E,open_at_release,ok,-0.08397469024044034,2024-11-07T12:00:00+00:00,2024-11-07T13:00:00+00:00,1.0,1
a2c7ac5b07bd28dddad01980ef7fbe308c581c04ed4560705b56b8183e59bc46,united kingdom: BoE Interest Rate Decision,2024-12-19T12:00:00+00:00,4.75%,4.75%,4.75,4.75,percentage_points,0.0,comparable,matched,HSI,closed_at_release,ok,-0.2848147373389454,2024-12-19T07:30:00+00:00,2024-12-20T02:30:00+00:00,14.5,1
a2c7ac5b07bd28dddad01980ef7fbe308c581c04ed4560705b56b8183e59bc46,united kingdom: BoE Interest Rate Decision,2024-12-19T12:00:00+00:00,4.75%,4.75%,4.75,4.75,percentage_points,0.0,comparable,matched,NDX,closed_at_release,ok,-0.9411412020885244,2024-12-18T20:30:00+00:00,2024-12-19T15:30:00+00:00,3.5,1
a2c7ac5b07bd28dddad01980ef7fbe308c581c04ed4560705b56b8183e59bc46,united kingdom: BoE Interest Rate Decision,2024-12-19T12:00:00+00:00,4.75%,4.75%,4.75,4.75,percentage_points,0.0,comparable,matched,STOXX50E,open_at_release,ok,0.27397131529727226,2024-12-19T12:00:00+00:00,2024-12-19T13:00:00+00:00,1.0,1
947f840ab6c829828fee3baf59611919adb27fdacdadeddcf709dd3f37a449ad,united states: 10-Year Note Auction,2024-10-09T17:00:00+00:00,4.07%,,4.07,,,,missing_value,unknown,HSI,closed_at_release,ok,3.2573958580784046,2024-10-09T07:30:00+00:00,2024-10-10T02:30:00+00:00,9.5,1
947f840ab6c829828fee3baf59611919adb27fdacdadeddcf709dd3f37a449ad,united states: 10-Year Note Auction,2024-10-09T17:00:00+00:00,4.07%,,4.07,,,,missing_value,unknown,NDX,open_at_release,ok,0.20413342165075393,2024-10-09T16:30:00+00:00,2024-10-09T18:30:00+00:00,1.5,1
947f840ab6c829828fee3baf59611919adb27fdacdadeddcf709dd3f37a449ad,united states: 10-Year Note Auction,2024-10-09T17:00:00+00:00,4.07%,,4.07,,,,missing_value,unknown,STOXX50E,closed_at_release,ok,-0.24393900563310922,2024-10-09T15:00:00+00:00,2024-10-10T08:00:00+00:00,15.0,1
365d2ea40a16e2fe277a4ae245bf3630988c73fbcdffc2531c3e7572dbbaf8b7,united states: 10-Year Note Auction,2024-11-05T18:00:00+00:00,4.35%,,4.35,,,,missing_value,unknown,HSI,closed_at_release,ok,-0.8541495094528839,2024-11-05T07:30:00+00:00,2024-11-06T02:30:00+00:00,8.5,1
365d2ea40a16e2fe277a4ae245bf3630988c73fbcdffc2531c3e7572dbbaf8b7,united states: 10-Year Note Auction,2024-11-05T18:00:00+00:00,4.35%,,4.35,,,,missing_value,unknown,NDX,open_at_release,ok,-0.14845214718358649,2024-11-05T17:30:00+00:00,2024-11-05T19:30:00+00:00,1.5,1
365d2ea40a16e2fe277a4ae245bf3630988c73fbcdffc2531c3e7572dbbaf8b7,united states: 10-Year Note Auction,2024-11-05T18:00:00+00:00,4.35%,,4.35,,,,missing_value,unknown,STOXX50E,closed_at_release,ok,1.483725578994255,2024-11-05T16:00:00+00:00,2024-11-06T09:00:00+00:00,15.0,1
72db4ea65e1c200018634f4614a608ca912497a78ad86226656f24bb68fa780d,united states: 10-Year Note Auction,2024-12-11T18:00:00+00:00,4.24%,,4.24,,,,missing_value,unknown,HSI,closed_at_release,ok,0.48028006126583644,2024-12-11T07:30:00+00:00,2024-12-12T02:30:00+00:00,8.5,1
72db4ea65e1c200018634f4614a608ca912497a78ad86226656f24bb68fa780d,united states: 10-Year Note Auction,2024-12-11T18:00:00+00:00,4.24%,,4.24,,,,missing_value,unknown,NDX,open_at_release,ok,0.09763128254338671,2024-12-11T17:30:00+00:00,2024-12-11T19:30:00+00:00,1.5,1
72db4ea65e1c200018634f4614a608ca912497a78ad86226656f24bb68fa780d,united states: 10-Year Note Auction,2024-12-11T18:00:00+00:00,4.24%,,4.24,,,,missing_value,unknown,STOXX50E,closed_at_release,ok,0.23781978258392572,2024-12-11T16:00:00+00:00,2024-12-12T09:00:00+00:00,15.0,1
ab0259f3af7c4b4232fdf905a9aebb65114324fa7eda602d7a1b7f7b89f66af9,united states: 30-Year Bond Auction,2024-10-10T17:00:00+00:00,4.39%,,4.39,,,,missing_value,unknown,HSI,closed_at_release,ok,-2.329563312426997,2024-10-10T07:30:00+00:00,2024-10-14T02:30:00+00:00,81.5,1
ab0259f3af7c4b4232fdf905a9aebb65114324fa7eda602d7a1b7f7b89f66af9,united states: 30-Year Bond Auction,2024-10-10T17:00:00+00:00,4.39%,,4.39,,,,missing_value,unknown,NDX,open_at_release,ok,-0.27608710018185434,2024-10-10T16:30:00+00:00,2024-10-10T18:30:00+00:00,1.5,1
ab0259f3af7c4b4232fdf905a9aebb65114324fa7eda602d7a1b7f7b89f66af9,united states: 30-Year Bond Auction,2024-10-10T17:00:00+00:00,4.39%,,4.39,,,,missing_value,unknown,STOXX50E,closed_at_release,ok,0.2521232336563761,2024-10-10T15:00:00+00:00,2024-10-11T08:00:00+00:00,15.0,1
e501df89ea0102a9a1f8ed8f54a6cda439fe4e9d81c5373eb583599aaf36eea3,united states: 30-Year Bond Auction,2024-11-06T18:00:00+00:00,4.61%,,4.61,,,,missing_value,unknown,HSI,closed_at_release,ok,0.9068901824561326,2024-11-06T07:30:00+00:00,2024-11-07T02:30:00+00:00,8.5,1
e501df89ea0102a9a1f8ed8f54a6cda439fe4e9d81c5373eb583599aaf36eea3,united states: 30-Year Bond Auction,2024-11-06T18:00:00+00:00,4.61%,,4.61,,,,missing_value,unknown,NDX,open_at_release,ok,0.41585721309918,2024-11-06T17:30:00+00:00,2024-11-06T19:30:00+00:00,1.5,1
e501df89ea0102a9a1f8ed8f54a6cda439fe4e9d81c5373eb583599aaf36eea3,united states: 30-Year Bond Auction,2024-11-06T18:00:00+00:00,4.61%,,4.61,,,,missing_value,unknown,STOXX50E,closed_at_release,ok,0.5321883608596422,2024-11-06T16:00:00+00:00,2024-11-07T09:00:00+00:00,15.0,1
6972430b1abc60fb0741bd00a9655509971b38a093086e5d76409cfa7f173162,united states: 30-Year Bond Auction,2024-12-12T18:00:00+00:00,4.54%,,4.54,,,,missing_value,unknown,HSI,closed_at_release,ok,-1.7535675938007529,2024-12-12T07:30:00+00:00,2024-12-13T02:30:00+00:00,8.5,1
6972430b1abc60fb0741bd00a9655509971b38a093086e5d76409cfa7f173162,united states: 30-Year Bond Auction,2024-12-12T18:00:00+00:00,4.54%,,4.54,,,,missing_value,unknown,NDX,open_at_release,ok,-0.2123110510446224,2024-12-12T17:30:00+00:00,2024-12-12T19:30:00+00:00,1.5,1
6972430b1abc60fb0741bd00a9655509971b38a093086e5d76409cfa7f173162,united states: 30-Year Bond Auction,2024-12-12T18:00:00+00:00,4.54%,,4.54,,,,missing_value,unknown,STOXX50E,closed_at_release,ok,0.2741238360866483,2024-12-12T16:00:00+00:00,2024-12-13T09:00:00+00:00,15.0,1
f5d1cbda5316be6b488c00646c3adc66511a010dc72a6b6d6d95dee4cb659025,united states: ADP Nonfarm Employment Change,2024-10-30T12:15:00+00:00,233K,110K,233000.0,110000.0,numeric,123000.0,comparable,above,HSI,closed_at_release,ok,0.5294869664303814,2024-10-30T07:30:00+00:00,2024-10-31T02:30:00+00:00,14.25,1
f5d1cbda5316be6b488c00646c3adc66511a010dc72a6b6d6d95dee4cb659025,united states: ADP Nonfarm Employment Change,2024-10-30T12:15:00+00:00,233K,110K,233000.0,110000.0,numeric,123000.0,comparable,above,NDX,closed_at_release,ok,-0.22099672795876657,2024-10-29T19:30:00+00:00,2024-10-30T14:30:00+00:00,2.25,1
f5d1cbda5316be6b488c00646c3adc66511a010dc72a6b6d6d95dee4cb659025,united states: ADP Nonfarm Employment Change,2024-10-30T12:15:00+00:00,233K,110K,233000.0,110000.0,numeric,123000.0,comparable,above,STOXX50E,open_at_release,ok,0.11777863257966814,2024-10-30T12:00:00+00:00,2024-10-30T14:00:00+00:00,1.75,1
b47e22b2d52aeec3ef35c975f3e5489c77b058f5768ac09c84629adf3cdb4e57,united states: ADP Nonfarm Employment Change,2024-12-04T13:15:00+00:00,146K,166K,146000.0,166000.0,numeric,-20000.0,comparable,below,HSI,closed_at_release,ok,-1.118581472156499,2024-12-04T07:30:00+00:00,2024-12-05T02:30:00+00:00,13.25,1
b47e22b2d52aeec3ef35c975f3e5489c77b058f5768ac09c84629adf3cdb4e57,united states: ADP Nonfarm Employment Change,2024-12-04T13:15:00+00:00,146K,166K,146000.0,166000.0,numeric,-20000.0,comparable,below,NDX,closed_at_release,ok,0.9531266696390037,2024-12-03T20:30:00+00:00,2024-12-04T15:30:00+00:00,2.25,1
b47e22b2d52aeec3ef35c975f3e5489c77b058f5768ac09c84629adf3cdb4e57,united states: ADP Nonfarm Employment Change,2024-12-04T13:15:00+00:00,146K,166K,146000.0,166000.0,numeric,-20000.0,comparable,below,STOXX50E,open_at_release,ok,0.19401687271112242,2024-12-04T13:00:00+00:00,2024-12-04T15:00:00+00:00,1.75,1
3f355e93b90a20a3197a4815f79cef27345c375ece12138ba372c08c81493904,united states: Average Hourly Earnings (MoM),2024-11-01T12:30:00+00:00,0.40%,0.30%,0.4,0.3,percentage_points,0.1,comparable,above,HSI,closed_at_release,ok,0.23617922465706265,2024-11-01T07:30:00+00:00,2024-11-04T02:30:00+00:00,62.0,3
3f355e93b90a20a3197a4815f79cef27345c375ece12138ba372c08c81493904,united states: Average Hourly Earnings (MoM),2024-11-01T12:30:00+00:00,0.40%,0.30%,0.4,0.3,percentage_points,0.1,comparable,above,NDX,closed_at_release,ok,0.9723756949352238,2024-10-31T19:30:00+00:00,2024-11-01T14:30:00+00:00,2.0,3
3f355e93b90a20a3197a4815f79cef27345c375ece12138ba372c08c81493904,united states: Average Hourly Earnings (MoM),2024-11-01T12:30:00+00:00,0.40%,0.30%,0.4,0.3,percentage_points,0.1,comparable,above,STOXX50E,open_at_release,ok,-0.016227966623749698,2024-11-01T12:00:00+00:00,2024-11-01T14:00:00+00:00,1.5,3
a098453f9b010b2606957f01a4add7c3354dc4b7a263684679f36b5c8f6b46ee,united states: Average Hourly Earnings (MoM),2024-12-06T13:30:00+00:00,0.40%,0.30%,0.4,0.3,percentage_points,0.1,comparable,above,HSI,closed_at_release,ok,0.3659203577468296,2024-12-06T07:30:00+00:00,2024-12-09T02:30:00+00:00,61.0,3
a098453f9b010b2606957f01a4add7c3354dc4b7a263684679f36b5c8f6b46ee,united states: Average Hourly Earnings (MoM),2024-12-06T13:30:00+00:00,0.40%,0.30%,0.4,0.3,percentage_points,0.1,comparable,above,NDX,closed_at_release,ok,0.7708606276764396,2024-12-05T20:30:00+00:00,2024-12-06T15:30:00+00:00,2.0,3
a098453f9b010b2606957f01a4add7c3354dc4b7a263684679f36b5c8f6b46ee,united states: Average Hourly Earnings (MoM),2024-12-06T13:30:00+00:00,0.40%,0.30%,0.4,0.3,percentage_points,0.1,comparable,above,STOXX50E,open_at_release,ok,-0.15074050131972383,2024-12-06T13:00:00+00:00,2024-12-06T15:00:00+00:00,1.5,3
5ead926a1cbdb27d1eea98553489ec3fafd11370d58db9eaf0afd930dfcc0cfd,united states: CB Consumer Confidence,2024-10-29T14:00:00+00:00,108.7,99.5,108.7,99.5,numeric,9.2,comparable,above,HSI,closed_at_release,ok,-0.7432662274535982,2024-10-29T07:30:00+00:00,2024-10-30T02:30:00+00:00,12.5,2
5ead926a1cbdb27d1eea98553489ec3fafd11370d58db9eaf0afd930dfcc0cfd,united states: CB Consumer Confidence,2024-10-29T14:00:00+00:00,108.7,99.5,108.7,99.5,numeric,9.2,comparable,above,NDX,open_at_release,ok,0.43535928769677923,2024-10-29T13:30:00+00:00,2024-10-29T15:30:00+00:00,1.5,2
5ead926a1cbdb27d1eea98553489ec3fafd11370d58db9eaf0afd930dfcc0cfd,united states: CB Consumer Confidence,2024-10-29T14:00:00+00:00,108.7,99.5,108.7,99.5,numeric,9.2,comparable,above,STOXX50E,open_at_release,ok,-0.1510723183975049,2024-10-29T14:00:00+00:00,2024-10-29T15:00:00+00:00,1.0,2
2539dc7d905fc4b43f9aaefbd2c1360f45f3bbb4f5b9148ac6216bd173f0b8a5,united states: CB Consumer Confidence,2024-11-26T15:00:00+00:00,111.7,111.8,111.7,111.8,numeric,-0.1,comparable,below,HSI,closed_at_release,ok,0.2593004833693069,2024-11-26T07:30:00+00:00,2024-11-27T02:30:00+00:00,11.5,2
2539dc7d905fc4b43f9aaefbd2c1360f45f3bbb4f5b9148ac6216bd173f0b8a5,united states: CB Consumer Confidence,2024-11-26T15:00:00+00:00,111.7,111.8,111.7,111.8,numeric,-0.1,comparable,below,NDX,open_at_release,ok,0.03338726012147575,2024-11-26T14:30:00+00:00,2024-11-26T16:30:00+00:00,1.5,2
2539dc7d905fc4b43f9aaefbd2c1360f45f3bbb4f5b9148ac6216bd173f0b8a5,united states: CB Consumer Confidence,2024-11-26T15:00:00+00:00,111.7,111.8,111.7,111.8,numeric,-0.1,comparable,below,STOXX50E,open_at_release,ok,-0.2928992964573607,2024-11-26T15:00:00+00:00,2024-11-26T16:00:00+00:00,1.0,2
dccf934477d46f995f4d5e4e605752b9a308defc9515719ed597c4a4f141832a,united states: CB Consumer Confidence,2024-12-23T15:00:00+00:00,104.7,112.9,104.7,112.9,numeric,-8.2,comparable,below,HSI,closed_at_release,ok,1.205009657844247,2024-12-23T07:30:00+00:00,2024-12-24T02:30:00+00:00,11.5,2
dccf934477d46f995f4d5e4e605752b9a308defc9515719ed597c4a4f141832a,united states: CB Consumer Confidence,2024-12-23T15:00:00+00:00,104.7,112.9,104.7,112.9,numeric,-8.2,comparable,below,NDX,open_at_release,ok,0.010107484784405152,2024-12-23T14:30:00+00:00,2024-12-23T16:30:00+00:00,1.5,2
dccf934477d46f995f4d5e4e605752b9a308defc9515719ed597c4a4f141832a,united states: CB Consumer Confidence,2024-12-23T15:00:00+00:00,104.7,112.9,104.7,112.9,numeric,-8.2,comparable,below,STOXX50E,open_at_release,ok,-0.37924980580340556,2024-12-23T15:00:00+00:00,2024-12-23T16:00:00+00:00,1.0,2
a50afaf1e691bc0111d0675a8bf8408b320efa832bd22a4d224b7b97394e7593,united states: CPI (MoM),2024-10-10T12:30:00+00:00,0.20%,0.10%,0.2,0.1,percentage_points,0.1,comparable,above,HSI,closed_at_release,ok,-2.329563312426997,2024-10-10T07:30:00+00:00,2024-10-14T02:30:00+00:00,86.0,4
a50afaf1e691bc0111d0675a8bf8408b320efa832bd22a4d224b7b97394e7593,united states: CPI (MoM),2024-10-10T12:30:00+00:00,0.20%,0.10%,0.2,0.1,percentage_points,0.1,comparable,above,NDX,closed_at_release,ok,-0.12104392667116048,2024-10-09T19:30:00+00:00,2024-10-10T14:30:00+00:00,2.0,4
a50afaf1e691bc0111d0675a8bf8408b320efa832bd22a4d224b7b97394e7593,united states: CPI (MoM),2024-10-10T12:30:00+00:00,0.20%,0.10%,0.2,0.1,percentage_points,0.1,comparable,above,STOXX50E,open_at_release,ok,-0.5568650883268077,2024-10-10T12:00:00+00:00,2024-10-10T14:00:00+00:00,1.5,4
75b8f757014b6ffca2b1460049af933109b0b1b8eb263bb0eaac8c5986453084,united states: CPI (MoM),2024-11-13T13:30:00+00:00,0.20%,0.20%,0.2,0.2,percentage_points,0.0,comparable,matched,HSI,closed_at_release,ok,-0.542809941624911,2024-11-13T07:30:00+00:00,2024-11-14T02:30:00+00:00,13.0,3
75b8f757014b6ffca2b1460049af933109b0b1b8eb263bb0eaac8c5986453084,united states: CPI (MoM),2024-11-13T13:30:00+00:00,0.20%,0.20%,0.2,0.2,percentage_points,0.0,comparable,matched,NDX,closed_at_release,ok,-0.36752125027667,2024-11-12T20:30:00+00:00,2024-11-13T15:30:00+00:00,2.0,3
75b8f757014b6ffca2b1460049af933109b0b1b8eb263bb0eaac8c5986453084,united states: CPI (MoM),2024-11-13T13:30:00+00:00,0.20%,0.20%,0.2,0.2,percentage_points,0.0,comparable,matched,STOXX50E,open_at_release,ok,-0.13447377518371884,2024-11-13T13:00:00+00:00,2024-11-13T15:00:00+00:00,1.5,3
5c2697d4b00fc6226a6837ba6ae4efb250f1c463ba90e61da0cf8abeea9f0187,united states: CPI (MoM),2024-12-11T13:30:00+00:00,0.30%,0.30%,0.3,0.3,percentage_points,0.0,comparable,matched,HSI,closed_at_release,ok,0.48028006126583644,2024-12-11T07:30:00+00:00,2024-12-12T02:30:00+00:00,13.0,3
5c2697d4b00fc6226a6837ba6ae4efb250f1c463ba90e61da0cf8abeea9f0187,united states: CPI (MoM),2024-12-11T13:30:00+00:00,0.30%,0.30%,0.3,0.3,percentage_points,0.0,comparable,matched,NDX,closed_at_release,ok,1.4974561979091083,2024-12-10T20:30:00+00:00,2024-12-11T15:30:00+00:00,2.0,3
5c2697d4b00fc6226a6837ba6ae4efb250f1c463ba90e61da0cf8abeea9f0187,united states: CPI (MoM),2024-12-11T13:30:00+00:00,0.30%,0.30%,0.3,0.3,percentage_points,0.0,comparable,matched,STOXX50E,open_at_release,ok,0.14054387670392468,2024-12-11T13:00:00+00:00,2024-12-11T15:00:00+00:00,1.5,3
12cfb7891dd4a5a10e83547c935c5be55b8f0313e7376ecfa53b935cfe3571dc,united states: CPI (YoY),2024-10-10T12:30:00+00:00,2.40%,2.30%,2.4,2.3,percentage_points,0.1,comparable,above,HSI,closed_at_release,ok,-2.329563312426997,2024-10-10T07:30:00+00:00,2024-10-14T02:30:00+00:00,86.0,4
12cfb7891dd4a5a10e83547c935c5be55b8f0313e7376ecfa53b935cfe3571dc,united states: CPI (YoY),2024-10-10T12:30:00+00:00,2.40%,2.30%,2.4,2.3,percentage_points,0.1,comparable,above,NDX,closed_at_release,ok,-0.12104392667116048,2024-10-09T19:30:00+00:00,2024-10-10T14:30:00+00:00,2.0,4
12cfb7891dd4a5a10e83547c935c5be55b8f0313e7376ecfa53b935cfe3571dc,united states: CPI (YoY),2024-10-10T12:30:00+00:00,2.40%,2.30%,2.4,2.3,percentage_points,0.1,comparable,above,STOXX50E,open_at_release,ok,-0.5568650883268077,2024-10-10T12:00:00+00:00,2024-10-10T14:00:00+00:00,1.5,4
804a084193988a77ad830dc4c9708c5a57c9674d94b42cd0cba51e573928ce47,united states: CPI (YoY),2024-11-13T13:30:00+00:00,2.60%,2.60%,2.6,2.6,percentage_points,0.0,comparable,matched,HSI,closed_at_release,ok,-0.542809941624911,2024-11-13T07:30:00+00:00,2024-11-14T02:30:00+00:00,13.0,3
804a084193988a77ad830dc4c9708c5a57c9674d94b42cd0cba51e573928ce47,united states: CPI (YoY),2024-11-13T13:30:00+00:00,2.60%,2.60%,2.6,2.6,percentage_points,0.0,comparable,matched,NDX,closed_at_release,ok,-0.36752125027667,2024-11-12T20:30:00+00:00,2024-11-13T15:30:00+00:00,2.0,3
804a084193988a77ad830dc4c9708c5a57c9674d94b42cd0cba51e573928ce47,united states: CPI (YoY),2024-11-13T13:30:00+00:00,2.60%,2.60%,2.6,2.6,percentage_points,0.0,comparable,matched,STOXX50E,open_at_release,ok,-0.13447377518371884,2024-11-13T13:00:00+00:00,2024-11-13T15:00:00+00:00,1.5,3
6dfcafe1420832a7118edcb09d6999b2d7e10ea25295f3381409bcea8a74d68f,united states: CPI (YoY),2024-12-11T13:30:00+00:00,2.70%,2.70%,2.7,2.7,percentage_points,0.0,comparable,matched,HSI,closed_at_release,ok,0.48028006126583644,2024-12-11T07:30:00+00:00,2024-12-12T02:30:00+00:00,13.0,3
6dfcafe1420832a7118edcb09d6999b2d7e10ea25295f3381409bcea8a74d68f,united states: CPI (YoY),2024-12-11T13:30:00+00:00,2.70%,2.70%,2.7,2.7,percentage_points,0.0,comparable,matched,NDX,closed_at_release,ok,1.4974561979091083,2024-12-10T20:30:00+00:00,2024-12-11T15:30:00+00:00,2.0,3
6dfcafe1420832a7118edcb09d6999b2d7e10ea25295f3381409bcea8a74d68f,united states: CPI (YoY),2024-12-11T13:30:00+00:00,2.70%,2.70%,2.7,2.7,percentage_points,0.0,comparable,matched,STOXX50E,open_at_release,ok,0.14054387670392468,2024-12-11T13:00:00+00:00,2024-12-11T15:00:00+00:00,1.5,3
5213ec2afb6c46bcd2e75e8fe209de375524f0e739dd8a4a9c85db666e684f66,united states: Chicago PMI,2024-10-31T13:45:00+00:00,41.6,46.9,41.6,46.9,numeric,-5.3,comparable,below,HSI,closed_at_release,ok,0.3450722798960637,2024-10-31T07:30:00+00:00,2024-11-01T02:30:00+00:00,12.75,1
5213ec2afb6c46bcd2e75e8fe209de375524f0e739dd8a4a9c85db666e684f66,united states: Chicago PMI,2024-10-31T13:45:00+00:00,41.6,46.9,41.6,46.9,numeric,-5.3,comparable,below,NDX,open_at_release,ok,-1.2714887381777618,2024-10-31T13:30:00+00:00,2024-10-31T15:30:00+00:00,1.75,1
5213ec2afb6c46bcd2e75e8fe209de375524f0e739dd8a4a9c85db666e684f66,united states: Chicago PMI,2024-10-31T13:45:00+00:00,41.6,46.9,41.6,46.9,numeric,-5.3,comparable,below,STOXX50E,open_at_release,ok,-0.8885261954622692,2024-10-31T13:00:00+00:00,2024-10-31T15:00:00+00:00,1.25,1
5ff71e14a9f11fae80d0ea82b9a2d4a0345cbd9835b8bebc100e43d57e2b518c,united states: Chicago PMI,2024-11-29T14:45:00+00:00,40.2,44.9,40.2,44.9,numeric,-4.7,comparable,below,HSI,closed_at_release,ok,0.7032187234751408,2024-11-29T07:30:00+00:00,2024-12-02T02:30:00+00:00,59.75,1
5ff71e14a9f11fae80d0ea82b9a2d4a0345cbd9835b8bebc100e43d57e2b518c,united states: Chicago PMI,2024-11-29T14:45:00+00:00,40.2,44.9,40.2,44.9,numeric,-4.7,comparable,below,NDX,open_at_release,ok,0.7659899268675607,2024-11-29T14:30:00+00:00,2024-11-29T16:30:00+00:00,1.75,1
5ff71e14a9f11fae80d0ea82b9a2d4a0345cbd9835b8bebc100e43d57e2b518c,united states: Chicago PMI,2024-11-29T14:45:00+00:00,40.2,44.9,40.2,44.9,numeric,-4.7,comparable,below,STOXX50E,open_at_release,ok,0.670531491461679,2024-11-29T14:00:00+00:00,2024-11-29T16:00:00+00:00,1.25,1
0557e54dfa6695d8f784bc9375fbba69e2e0550814870ba2e1bfebf84549625d,united states: Chicago PMI,2024-12-30T14:45:00+00:00,36.9,42.7,36.9,42.7,numeric,-5.8,comparable,below,HSI,closed_at_release,missing_price,,2024-12-30T07:30:00+00:00,,,1
0557e54dfa6695d8f784bc9375fbba69e2e0550814870ba2e1bfebf84549625d,united states: Chicago PMI,2024-12-30T14:45:00+00:00,36.9,42.7,36.9,42.7,numeric,-5.8,comparable,below,NDX,open_at_release,ok,-0.05370622235610911,2024-12-30T14:30:00+00:00,2024-12-30T16:30:00+00:00,1.75,1
0557e54dfa6695d8f784bc9375fbba69e2e0550814870ba2e1bfebf84549625d,united states: Chicago PMI,2024-12-30T14:45:00+00:00,36.9,42.7,36.9,42.7,numeric,-5.8,comparable,below,STOXX50E,open_at_release,ok,-0.1715399742945545,2024-12-30T14:00:00+00:00,2024-12-30T16:00:00+00:00,1.25,1
ad8bf256876e167a130e1f2efbd6c7e831435299963573b7565ab7ca4a041d08,united states: Core CPI (MoM),2024-10-10T12:30:00+00:00,0.30%,0.20%,0.3,0.2,percentage_points,0.1,comparable,above,HSI,closed_at_release,ok,-2.329563312426997,2024-10-10T07:30:00+00:00,2024-10-14T02:30:00+00:00,86.0,4
ad8bf256876e167a130e1f2efbd6c7e831435299963573b7565ab7ca4a041d08,united states: Core CPI (MoM),2024-10-10T12:30:00+00:00,0.30%,0.20%,0.3,0.2,percentage_points,0.1,comparable,above,NDX,closed_at_release,ok,-0.12104392667116048,2024-10-09T19:30:00+00:00,2024-10-10T14:30:00+00:00,2.0,4
ad8bf256876e167a130e1f2efbd6c7e831435299963573b7565ab7ca4a041d08,united states: Core CPI (MoM),2024-10-10T12:30:00+00:00,0.30%,0.20%,0.3,0.2,percentage_points,0.1,comparable,above,STOXX50E,open_at_release,ok,-0.5568650883268077,2024-10-10T12:00:00+00:00,2024-10-10T14:00:00+00:00,1.5,4
f9ebaf80c825d1edd3ecd6b31c9e0a6bb4bdf8627bdb8f1be9d3ab84d31b4486,united states: Core CPI (MoM),2024-11-13T13:30:00+00:00,0.30%,0.30%,0.3,0.3,percentage_points,0.0,comparable,matched,HSI,closed_at_release,ok,-0.542809941624911,2024-11-13T07:30:00+00:00,2024-11-14T02:30:00+00:00,13.0,3
f9ebaf80c825d1edd3ecd6b31c9e0a6bb4bdf8627bdb8f1be9d3ab84d31b4486,united states: Core CPI (MoM),2024-11-13T13:30:00+00:00,0.30%,0.30%,0.3,0.3,percentage_points,0.0,comparable,matched,NDX,closed_at_release,ok,-0.36752125027667,2024-11-12T20:30:00+00:00,2024-11-13T15:30:00+00:00,2.0,3
f9ebaf80c825d1edd3ecd6b31c9e0a6bb4bdf8627bdb8f1be9d3ab84d31b4486,united states: Core CPI (MoM),2024-11-13T13:30:00+00:00,0.30%,0.30%,0.3,0.3,percentage_points,0.0,comparable,matched,STOXX50E,open_at_release,ok,-0.13447377518371884,2024-11-13T13:00:00+00:00,2024-11-13T15:00:00+00:00,1.5,3
d7b1ee7a11ca0cc152f631afb12a4c3074e380159fa525cc8d397b953e026571,united states: Core CPI (MoM),2024-12-11T13:30:00+00:00,0.30%,0.30%,0.3,0.3,percentage_points,0.0,comparable,matched,HSI,closed_at_release,ok,0.48028006126583644,2024-12-11T07:30:00+00:00,2024-12-12T02:30:00+00:00,13.0,3
d7b1ee7a11ca0cc152f631afb12a4c3074e380159fa525cc8d397b953e026571,united states: Core CPI (MoM),2024-12-11T13:30:00+00:00,0.30%,0.30%,0.3,0.3,percentage_points,0.0,comparable,matched,NDX,closed_at_release,ok,1.4974561979091083,2024-12-10T20:30:00+00:00,2024-12-11T15:30:00+00:00,2.0,3
d7b1ee7a11ca0cc152f631afb12a4c3074e380159fa525cc8d397b953e026571,united states: Core CPI (MoM),2024-12-11T13:30:00+00:00,0.30%,0.30%,0.3,0.3,percentage_points,0.0,comparable,matched,STOXX50E,open_at_release,ok,0.14054387670392468,2024-12-11T13:00:00+00:00,2024-12-11T15:00:00+00:00,1.5,3
0e2a844a53c467df08c305a83a8541a09d1dd36d6c475cce8db08549e2845538,united states: Core PCE Price Index (MoM),2024-10-31T12:30:00+00:00,0.30%,0.30%,0.3,0.3,percentage_points,0.0,comparable,matched,HSI,closed_at_release,ok,0.3450722798960637,2024-10-31T07:30:00+00:00,2024-11-01T02:30:00+00:00,14.0,3
0e2a844a53c467df08c305a83a8541a09d1dd36d6c475cce8db08549e2845538,united states: Core PCE Price Index (MoM),2024-10-31T12:30:00+00:00,0.30%,0.30%,0.3,0.3,percentage_points,0.0,comparable,matched,NDX,closed_at_release,ok,-2.0840732170443244,2024-10-30T19:30:00+00:00,2024-10-31T14:30:00+00:00,2.0,3
0e2a844a53c467df08c305a83a8541a09d1dd36d6c475cce8db08549e2845538,united states: Core PCE Price Index (MoM),2024-10-31T12:30:00+00:00,0.30%,0.30%,0.3,0.3,percentage_points,0.0,comparable,matched,STOXX50E,open_at_release,ok,-0.24225299720578297,2024-10-31T12:00:00+00:00,2024-10-31T14:00:00+00:00,1.5,3
33546377d59a7cda86af162287188906160b304506a1070499e139f06d88a2dd,united states: Core PCE Price Index (MoM),2024-11-27T15:00:00+00:00,0.30%,0.30%,0.3,0.3,percentage_points,0.0,comparable,matched,HSI,closed_at_release,ok,-1.1224663181964023,2024-11-27T07:30:00+00:00,2024-11-28T02:30:00+00:00,11.5,2
33546377d59a7cda86af162287188906160b304506a1070499e139f06d88a2dd,united states: Core PCE Price Index (MoM),2024-11-27T15:00:00+00:00,0.30%,0.30%,0.3,0.3,percentage_points,0.0,comparable,matched,NDX,open_at_release,ok,-0.903218662646954,2024-11-27T14:30:00+00:00,2024-11-27T16:30:00+00:00,1.5,2
33546377d59a7cda86af162287188906160b304506a1070499e139f06d88a2dd,united states: Core PCE Price Index (MoM),2024-11-27T15:00:00+00:00,0.30%,0.30%,0.3,0.3,percentage_points,0.0,comparable,matched,STOXX50E,open_at_release,ok,-0.0897391193895314,2024-11-27T15:00:00+00:00,2024-11-27T16:00:00+00:00,1.0,2
45e2608ad151352ff8c019418ab17445985e43b739c659144b4a6421c9ddee73,united states: Core PCE Price Index (MoM),2024-12-20T13:30:00+00:00,0.10%,0.20%,0.1,0.2,percentage_points,-0.1,comparable,below,HSI,closed_at_release,ok,0.25873035714143455,2024-12-20T07:30:00+00:00,2024-12-23T02:30:00+00:00,61.0,2
45e2608ad151352ff8c019418ab17445985e43b739c659144b4a6421c9ddee73,united states: Core PCE Price Index (MoM),2024-12-20T13:30:00+00:00,0.10%,0.20%,0.1,0.2,percentage_points,-0.1,comparable,below,NDX,closed_at_release,ok,-0.07248967892061753,2024-12-19T20:30:00+00:00,2024-12-20T15:30:00+00:00,2.0,2
45e2608ad151352ff8c019418ab17445985e43b739c659144b4a6421c9ddee73,united states: Core PCE Price Index (MoM),2024-12-20T13:30:00+00:00,0.10%,0.20%,0.1,0.2,percentage_points,-0.1,comparable,below,STOXX50E,open_at_release,ok,0.21441706450107129,2024-12-20T13:00:00+00:00,2024-12-20T15:00:00+00:00,1.5,2
f370b00b7946de2571ea71320a6fa5e70afbe9d9b4cd00e187e5f3f1dcdc2d5f,united states: Core PCE Price Index (YoY),2024-10-31T12:30:00+00:00,2.70%,2.60%,2.7,2.6,percentage_points,0.1,comparable,above,HSI,closed_at_release,ok,0.3450722798960637,2024-10-31T07:30:00+00:00,2024-11-01T02:30:00+00:00,14.0,3
f370b00b7946de2571ea71320a6fa5e70afbe9d9b4cd00e187e5f3f1dcdc2d5f,united states: Core PCE Price Index (YoY),2024-10-31T12:30:00+00:00,2.70%,2.60%,2.7,2.6,percentage_points,0.1,comparable,above,NDX,closed_at_release,ok,-2.0840732170443244,2024-10-30T19:30:00+00:00,2024-10-31T14:30:00+00:00,2.0,3
f370b00b7946de2571ea71320a6fa5e70afbe9d9b4cd00e187e5f3f1dcdc2d5f,united states: Core PCE Price Index (YoY),2024-10-31T12:30:00+00:00,2.70%,2.60%,2.7,2.6,percentage_points,0.1,comparable,above,STOXX50E,open_at_release,ok,-0.24225299720578297,2024-10-31T12:00:00+00:00,2024-10-31T14:00:00+00:00,1.5,3
191eae344cf592202fb1c90d6d9111b5f7db066eb86068b41ccf5ce03d56bf6a,united states: Core PCE Price Index (YoY),2024-11-27T15:00:00+00:00,2.80%,2.80%,2.8,2.8,percentage_points,0.0,comparable,matched,HSI,closed_at_release,ok,-1.1224663181964023,2024-11-27T07:30:00+00:00,2024-11-28T02:30:00+00:00,11.5,2
191eae344cf592202fb1c90d6d9111b5f7db066eb86068b41ccf5ce03d56bf6a,united states: Core PCE Price Index (YoY),2024-11-27T15:00:00+00:00,2.80%,2.80%,2.8,2.8,percentage_points,0.0,comparable,matched,NDX,open_at_release,ok,-0.903218662646954,2024-11-27T14:30:00+00:00,2024-11-27T16:30:00+00:00,1.5,2
191eae344cf592202fb1c90d6d9111b5f7db066eb86068b41ccf5ce03d56bf6a,united states: Core PCE Price Index (YoY),2024-11-27T15:00:00+00:00,2.80%,2.80%,2.8,2.8,percentage_points,0.0,comparable,matched,STOXX50E,open_at_release,ok,-0.0897391193895314,2024-11-27T15:00:00+00:00,2024-11-27T16:00:00+00:00,1.0,2
cee8f2c3536c93409ab482e374b060e1702008d41fc3cf17ad0ee6bf635d9570,united states: Core PCE Price Index (YoY),2024-12-20T13:30:00+00:00,2.80%,2.90%,2.8,2.9,percentage_points,-0.1,comparable,below,HSI,closed_at_release,ok,0.25873035714143455,2024-12-20T07:30:00+00:00,2024-12-23T02:30:00+00:00,61.0,2
cee8f2c3536c93409ab482e374b060e1702008d41fc3cf17ad0ee6bf635d9570,united states: Core PCE Price Index (YoY),2024-12-20T13:30:00+00:00,2.80%,2.90%,2.8,2.9,percentage_points,-0.1,comparable,below,NDX,closed_at_release,ok,-0.07248967892061753,2024-12-19T20:30:00+00:00,2024-12-20T15:30:00+00:00,2.0,2
cee8f2c3536c93409ab482e374b060e1702008d41fc3cf17ad0ee6bf635d9570,united states: Core PCE Price Index (YoY),2024-12-20T13:30:00+00:00,2.80%,2.90%,2.8,2.9,percentage_points,-0.1,comparable,below,STOXX50E,open_at_release,ok,0.21441706450107129,2024-12-20T13:00:00+00:00,2024-12-20T15:00:00+00:00,1.5,2
aab5244900fe130d0dbbf92c3e315e32aae8d23c2bca3883c4cce4487a60c666,united states: Core Retail Sales (MoM),2024-10-17T12:30:00+00:00,0.50%,0.10%,0.5,0.1,percentage_points,0.4,comparable,above,HSI,closed_at_release,ok,0.7508145767808116,2024-10-17T07:30:00+00:00,2024-10-18T02:30:00+00:00,14.0,4
aab5244900fe130d0dbbf92c3e315e32aae8d23c2bca3883c4cce4487a60c666,united states: Core Retail Sales (MoM),2024-10-17T12:30:00+00:00,0.50%,0.10%,0.5,0.1,percentage_points,0.4,comparable,above,NDX,closed_at_release,ok,0.4848869760446517,2024-10-16T19:30:00+00:00,2024-10-17T14:30:00+00:00,2.0,4
aab5244900fe130d0dbbf92c3e315e32aae8d23c2bca3883c4cce4487a60c666,united states: Core Retail Sales (MoM),2024-10-17T12:30:00+00:00,0.50%,0.10%,0.5,0.1,percentage_points,0.4,comparable,above,STOXX50E,open_at_release,ok,0.131263286679828,2024-10-17T12:00:00+00:00,2024-10-17T14:00:00+00:00,1.5,4
000b1227aba0869abc7cbf2a312d8e8b724aed7a096b45031aa3f5f01c3dbe05,united states: Core Retail Sales (MoM),2024-11-15T13:30:00+00:00,0.10%,0.30%,0.1,0.3,percentage_points,-0.2,comparable,below,HSI,closed_at_release,ok,1.5244450188805605,2024-11-15T07:30:00+00:00,2024-11-18T02:30:00+00:00,61.0,2
000b1227aba0869abc7cbf2a312d8e8b724aed7a096b45031aa3f5f01c3dbe05,united states: Core Retail Sales (MoM),2024-11-15T13:30:00+00:00,0.10%,0.30%,0.1,0.3,percentage_points,-0.2,comparable,below,NDX,closed_at_release,ok,-1.9967909767068859,2024-11-14T20:30:00+00:00,2024-11-15T15:30:00+00:00,2.0,2
000b1227aba0869abc7cbf2a312d8e8b724aed7a096b45031aa3f5f01c3dbe05,united states: Core Retail Sales (MoM),2024-11-15T13:30:00+00:00,0.10%,0.30%,0.1,0.3,percentage_points,-0.2,comparable,below,STOXX50E,open_at_release,ok,-0.2661913664280812,2024-11-15T13:00:00+00:00,2024-11-15T15:00:00+00:00,1.5,2
7fa4c2d2a464ffcc90ea759568ebca289dd49fe2be551e27300b41f593028f37,united states: Core Retail Sales (MoM),2024-12-17T13:30:00+00:00,0.20%,0.40%,0.2,0.4,percentage_points,-0.2,comparable,below,HSI,closed_at_release,ok,0.44611468679760513,2024-12-17T07:30:00+00:00,2024-12-18T02:30:00+00:00,13.0,2
7fa4c2d2a464ffcc90ea759568ebca289dd49fe2be551e27300b41f593028f37,united states: Core Retail Sales (MoM),2024-12-17T13:30:00+00:00,0.20%,0.40%,0.2,0.4,percentage_points,-0.2,comparable,below,NDX,closed_at_release,ok,-0.8809103832344569,2024-12-16T20:30:00+00:00,2024-12-17T15:30:00+00:00,2.0,2
7fa4c2d2a464ffcc90ea759568ebca289dd49fe2be551e27300b41f593028f37,united states: Core Retail Sales (MoM),2024-12-17T13:30:00+00:00,0.20%,0.40%,0.2,0.4,percentage_points,-0.2,comparable,below,STOXX50E,open_at_release,ok,-0.06003902783559002,2024-12-17T13:00:00+00:00,2024-12-17T15:00:00+00:00,1.5,2
cb7870e9f74f5aab6933f1abed5334282fc81526a9702844253806b93a2a99a4,united states: Crude Oil Inventories,2024-10-09T14:30:00+00:00,5.810M,2.000M,5810000.0,2000000.0,numeric,3810000.0,comparable,above,HSI,closed_at_release,ok,3.2573958580784046,2024-10-09T07:30:00+00:00,2024-10-10T02:30:00+00:00,12.0,1
cb7870e9f74f5aab6933f1abed5334282fc81526a9702844253806b93a2a99a4,united states: Crude Oil Inventories,2024-10-09T14:30:00+00:00,5.810M,2.000M,5810000.0,2000000.0,numeric,3810000.0,comparable,above,NDX,open_at_release,ok,0.19151132496531004,2024-10-09T14:30:00+00:00,2024-10-09T15:30:00+00:00,1.0,1
cb7870e9f74f5aab6933f1abed5334282fc81526a9702844253806b93a2a99a4,united states: Crude Oil Inventories,2024-10-09T14:30:00+00:00,5.810M,2.000M,5810000.0,2000000.0,numeric,3810000.0,comparable,above,STOXX50E,open_at_release,outside_tolerance,,2024-10-09T14:00:00+00:00,,,1
d4b94566258ed9fb4aa5c475d98cacc9159f01e7fcb9b546fe32771de3956239,united states: Crude Oil Inventories,2024-10-17T15:00:00+00:00,-2.191M,1.800M,-2191000.0,1800000.0,numeric,-3991000.0,comparable,below,HSI,closed_at_release,ok,0.7508145767808116,2024-10-17T07:30:00+00:00,2024-10-18T02:30:00+00:00,11.5,1
d4b94566258ed9fb4aa5c475d98cacc9159f01e7fcb9b546fe32771de3956239,united states: Crude Oil Inventories,2024-10-17T15:00:00+00:00,-2.191M,1.800M,-2191000.0,1800000.0,numeric,-3991000.0,comparable,below,NDX,open_at_release,ok,0.19208814954760903,2024-10-17T14:30:00+00:00,2024-10-17T16:30:00+00:00,1.5,1
d4b94566258ed9fb4aa5c475d98cacc9159f01e7fcb9b546fe32771de3956239,united states: Crude Oil Inventories,2024-10-17T15:00:00+00:00,-2.191M,1.800M,-2191000.0,1800000.0,numeric,-3991000.0,comparable,below,STOXX50E,open_at_release,market_closed_at_target,,2024-10-17T15:00:00+00:00,,,1
32e338a0d3f25e722140c4f769f41fc2e3cff1b90773651cbb9c00d9ad95f7db,united states: Crude Oil Inventories,2024-10-23T14:30:00+00:00,5.474M,0.800M,5474000.0,800000.0,numeric,4674000.0,comparable,above,HSI,closed_at_release,ok,-0.7762533436231122,2024-10-23T07:30:00+00:00,2024-10-24T02:30:00+00:00,12.0,1
32e338a0d3f25e722140c4f769f41fc2e3cff1b90773651cbb9c00d9ad95f7db,united states: Crude Oil Inventories,2024-10-23T14:30:00+00:00,5.474M,0.800M,5474000.0,800000.0,numeric,4674000.0,comparable,above,NDX,open_at_release,ok,-0.4949505406093623,2024-10-23T14:30:00+00:00,2024-10-23T15:30:00+00:00,1.0,1
32e338a0d3f25e722140c4f769f41fc2e3cff1b90773651cbb9c00d9ad95f7db,united states: Crude Oil Inventories,2024-10-23T14:30:00+00:00,5.474M,0.800M,5474000.0,800000.0,numeric,4674000.0,comparable,above,STOXX50E,open_at_release,outside_tolerance,,2024-10-23T14:00:00+00:00,,,1
aebb8603a2207b2c5d21e5df961b3fe27c03d8ef1ccccccd8ed6461003492d83,united states: Crude Oil Inventories,2024-10-30T14:30:00+00:00,-0.515M,1.500M,-515000.0,1500000.0,numeric,-2015000.0,comparable,below,HSI,closed_at_release,ok,0.5294869664303814,2024-10-30T07:30:00+00:00,2024-10-31T02:30:00+00:00,12.0,1
aebb8603a2207b2c5d21e5df961b3fe27c03d8ef1ccccccd8ed6461003492d83,united states: Crude Oil Inventories,2024-10-30T14:30:00+00:00,-0.515M,1.500M,-515000.0,1500000.0,numeric,-2015000.0,comparable,below,NDX,open_at_release,ok,-0.05099742446850186,2024-10-30T14:30:00+00:00,2024-10-30T15:30:00+00:00,1.0,1
aebb8603a2207b2c5d21e5df961b3fe27c03d8ef1ccccccd8ed6461003492d83,united states: Crude Oil Inventories,2024-10-30T14:30:00+00:00,-0.515M,1.500M,-515000.0,1500000.0,numeric,-2015000.0,comparable,below,STOXX50E,open_at_release,ok,0.12582173732098578,2024-10-30T14:00:00+00:00,2024-10-30T16:00:00+00:00,1.5,1
aae4d7d70c0ad92ec9f4e0e9748e5916d9d55a5abe7de96ad1240bbb76608df2,united states: Crude Oil Inventories,2024-11-06T15:30:00+00:00,2.149M,0.300M,2149000.0,300000.0,numeric,1849000.0,comparable,above,HSI,closed_at_release,ok,0.9068901824561326,2024-11-06T07:30:00+00:00,2024-11-07T02:30:00+00:00,11.0,1
aae4d7d70c0ad92ec9f4e0e9748e5916d9d55a5abe7de96ad1240bbb76608df2,united states: Crude Oil Inventories,2024-11-06T15:30:00+00:00,2.149M,0.300M,2149000.0,300000.0,numeric,1849000.0,comparable,above,NDX,open_at_release,ok,-0.10427764115624735,2024-11-06T15:30:00+00:00,2024-11-06T16:30:00+00:00,1.0,1
aae4d7d70c0ad92ec9f4e0e9748e5916d9d55a5abe7de96ad1240bbb76608df2,united states: Crude Oil Inventories,2024-11-06T15:30:00+00:00,2.149M,0.300M,2149000.0,300000.0,numeric,1849000.0,comparable,above,STOXX50E,open_at_release,outside_tolerance,,2024-11-06T15:00:00+00:00,,,1
9d7b97adeee5ad924d0aa8db1fa3c3c6c4127a350f3267b1aadf51ed6b41d749,united states: Crude Oil Inventories,2024-11-14T16:00:00+00:00,2.089M,0.400M,2089000.0,400000.0,numeric,1689000.0,comparable,above,HSI,closed_at_release,ok,0.34987185662003206,2024-11-14T07:30:00+00:00,2024-11-15T02:30:00+00:00,10.5,1
9d7b97adeee5ad924d0aa8db1fa3c3c6c4127a350f3267b1aadf51ed6b41d749,united states: Crude Oil Inventories,2024-11-14T16:00:00+00:00,2.089M,0.400M,2089000.0,400000.0,numeric,1689000.0,comparable,above,NDX,open_at_release,ok,-0.1771416141090998,2024-11-14T15:30:00+00:00,2024-11-14T17:30:00+00:00,1.5,1
9d7b97adeee5ad924d0aa8db1fa3c3c6c4127a350f3267b1aadf51ed6b41d749,united states: Crude Oil Inventories,2024-11-14T16:00:00+00:00,2.089M,0.400M,2089000.0,400000.0,numeric,1689000.0,comparable,above,STOXX50E,open_at_release,market_closed_at_target,,2024-11-14T16:00:00+00:00,,,1
66735b7e36a7a9da4c4ed962e0f0debdea0b6ff9e8d2acf0478cef0259143e2c,united states: Crude Oil Inventories,2024-11-20T15:30:00+00:00,0.545M,0.400M,545000.0,400000.0,numeric,145000.0,comparable,above,HSI,closed_at_release,ok,0.13784408131047865,2024-11-20T07:30:00+00:00,2024-11-21T02:30:00+00:00,11.0,1
66735b7e36a7a9da4c4ed962e0f0debdea0b6ff9e8d2acf0478cef0259143e2c,united states: Crude Oil Inventories,2024-11-20T15:30:00+00:00,0.545M,0.400M,545000.0,400000.0,numeric,145000.0,comparable,above,NDX,open_at_release,ok,0.20782845681901474,2024-11-20T15:30:00+00:00,2024-11-20T16:30:00+00:00,1.0,1
66735b7e36a7a9da4c4ed962e0f0debdea0b6ff9e8d2acf0478cef0259143e2c,united states: Crude Oil Inventories,2024-11-20T15:30:00+00:00,0.545M,0.400M,545000.0,400000.0,numeric,145000.0,comparable,above,STOXX50E,open_at_release,outside_tolerance,,2024-11-20T15:00:00+00:00,,,1
8c87b5b882f5f1bb7569707e6156b531028a96fb24a050c38e2d6e88db47425e,united states: Crude Oil Inventories,2024-11-27T15:30:00+00:00,-1.844M,-1.300M,-1844000.0,-1300000.0,numeric,-544000.0,comparable,below,HSI,closed_at_release,ok,-1.1224663181964023,2024-11-27T07:30:00+00:00,2024-11-28T02:30:00+00:00,11.0,1
8c87b5b882f5f1bb7569707e6156b531028a96fb24a050c38e2d6e88db47425e,united states: Crude Oil Inventories,2024-11-27T15:30:00+00:00,-1.844M,-1.300M,-1844000.0,-1300000.0,numeric,-544000.0,comparable,below,NDX,open_at_release,ok,-0.2258955106403393,2024-11-27T15:30:00+00:00,2024-11-27T16:30:00+00:00,1.0,1
8c87b5b882f5f1bb7569707e6156b531028a96fb24a050c38e2d6e88db47425e,united states: Crude Oil Inventories,2024-11-27T15:30:00+00:00,-1.844M,-1.300M,-1844000.0,-1300000.0,numeric,-544000.0,comparable,below,STOXX50E,open_at_release,outside_tolerance,,2024-11-27T15:00:00+00:00,,,1
1e0612af9a8c09b4b94f7f70242c72d91a09cca3e5ce861e4f2104b1d0932058,united states: Crude Oil Inventories,2024-12-04T15:30:00+00:00,-5.073M,-1.600M,-5073000.0,-1600000.0,numeric,-3473000.0,comparable,below,HSI,closed_at_release,ok,-1.118581472156499,2024-12-04T07:30:00+00:00,2024-12-05T02:30:00+00:00,11.0,1
1e0612af9a8c09b4b94f7f70242c72d91a09cca3e5ce861e4f2104b1d0932058,united states: Crude Oil Inventories,2024-12-04T15:30:00+00:00,-5.073M,-1.600M,-5073000.0,-1600000.0,numeric,-3473000.0,comparable,below,NDX,open_at_release,ok,0.06842710191377054,2024-12-04T15:30:00+00:00,2024-12-04T16:30:00+00:00,1.0,1
1e0612af9a8c09b4b94f7f70242c72d91a09cca3e5ce861e4f2104b1d0932058,united states: Crude Oil Inventories,2024-12-04T15:30:00+00:00,-5.073M,-1.600M,-5073000.0,-1600000.0,numeric,-3473000.0,comparable,below,STOXX50E,open_at_release,outside_tolerance,,2024-12-04T15:00:00+00:00,,,1
91ff2b5790d8d6713740a1b041490cd9dc34967c334eaa0fa3b03c40f69071b0,united states: Crude Oil Inventories,2024-12-11T15:30:00+00:00,-1.425M,-1.000M,-1425000.0,-1000000.0,numeric,-425000.0,comparable,below,HSI,closed_at_release,ok,0.48028006126583644,2024-12-11T07:30:00+00:00,2024-12-12T02:30:00+00:00,11.0,1
91ff2b5790d8d6713740a1b041490cd9dc34967c334eaa0fa3b03c40f69071b0,united states: Crude Oil Inventories,2024-12-11T15:30:00+00:00,-1.425M,-1.000M,-1425000.0,-1000000.0,numeric,-425000.0,comparable,below,NDX,open_at_release,ok,0.32817626485486256,2024-12-11T15:30:00+00:00,2024-12-11T16:30:00+00:00,1.0,1
91ff2b5790d8d6713740a1b041490cd9dc34967c334eaa0fa3b03c40f69071b0,united states: Crude Oil Inventories,2024-12-11T15:30:00+00:00,-1.425M,-1.000M,-1425000.0,-1000000.0,numeric,-425000.0,comparable,below,STOXX50E,open_at_release,outside_tolerance,,2024-12-11T15:00:00+00:00,,,1
e1eb52c124da6bedff09e5cabbbddc695825c1d29b85b06a555496c7b92e6805,united states: Crude Oil Inventories,2024-12-18T15:30:00+00:00,-0.934M,-1.600M,-934000.0,-1600000.0,numeric,666000.0,comparable,above,HSI,closed_at_release,ok,-1.2579682435987172,2024-12-18T07:30:00+00:00,2024-12-19T02:30:00+00:00,11.0,1
e1eb52c124da6bedff09e5cabbbddc695825c1d29b85b06a555496c7b92e6805,united states: Crude Oil Inventories,2024-12-18T15:30:00+00:00,-0.934M,-1.600M,-934000.0,-1600000.0,numeric,666000.0,comparable,above,NDX,open_at_release,ok,0.00036405223882152177,2024-12-18T15:30:00+00:00,2024-12-18T16:30:00+00:00,1.0,1
e1eb52c124da6bedff09e5cabbbddc695825c1d29b85b06a555496c7b92e6805,united states: Crude Oil Inventories,2024-12-18T15:30:00+00:00,-0.934M,-1.600M,-934000.0,-1600000.0,numeric,666000.0,comparable,above,STOXX50E,open_at_release,outside_tolerance,,2024-12-18T15:00:00+00:00,,,1
19789081b7d6d36b3177383054289dac286b5206cdb4be8e9134b3347460dd72,united states: Crude Oil Inventories,2024-12-27T18:00:00+00:00,-4.237M,-0.700M,-4237000.0,-700000.0,numeric,-3537000.0,comparable,below,HSI,closed_at_release,ok,-0.5433485284925488,2024-12-27T07:30:00+00:00,2024-12-30T02:30:00+00:00,56.5,1
19789081b7d6d36b3177383054289dac286b5206cdb4be8e9134b3347460dd72,united states: Crude Oil Inventories,2024-12-27T18:00:00+00:00,-4.237M,-0.700M,-4237000.0,-700000.0,numeric,-3537000.0,comparable,below,NDX,open_at_release,ok,0.47549393946970675,2024-12-27T17:30:00+00:00,2024-12-27T19:30:00+00:00,1.5,1
19789081b7d6d36b3177383054289dac286b5206cdb4be8e9134b3347460dd72,united states: Crude Oil Inventories,2024-12-27T18:00:00+00:00,-4.237M,-0.700M,-4237000.0,-700000.0,numeric,-3537000.0,comparable,below,STOXX50E,closed_at_release,ok,-0.13122421775475512,2024-12-27T16:00:00+00:00,2024-12-30T09:00:00+00:00,63.0,1
14fccfbaef7a5f1e4571d03830a9ef55b3d501e10705fd0714965ec797019731,united states: Durable Goods Orders (MoM),2024-10-25T12:30:00+00:00,-0.80%,-1.10%,-0.8,-1.1,percentage_points,0.3,comparable,above,HSI,closed_at_release,ok,-0.12758720473126095,2024-10-25T07:30:00+00:00,2024-10-28T02:30:00+00:00,62.0,1
14fccfbaef7a5f1e4571d03830a9ef55b3d501e10705fd0714965ec797019731,united states: Durable Goods Orders (MoM),2024-10-25T12:30:00+00:00,-0.80%,-1.10%,-0.8,-1.1,percentage_points,0.3,comparable,above,NDX,closed_at_release,ok,1.5077948541272423,2024-10-24T19:30:00+00:00,2024-10-25T14:30:00+00:00,2.0,1
14fccfbaef7a5f1e4571d03830a9ef55b3d501e10705fd0714965ec797019731,united states: Durable Goods Orders (MoM),2024-10-25T12:30:00+00:00,-0.80%,-1.10%,-0.8,-1.1,percentage_points,0.3,comparable,above,STOXX50E,open_at_release,ok,0.10254055784320038,2024-10-25T12:00:00+00:00,2024-10-25T14:00:00+00:00,1.5,1
2071456606ced718ca1f2f74f4a7cde5f1b9773c69ee95a9efdc1c27149d1c76,united states: Durable Goods Orders (MoM),2024-11-27T13:30:00+00:00,0.20%,-0.80%,0.2,-0.8,percentage_points,1.0,comparable,above,HSI,closed_at_release,ok,-1.1224663181964023,2024-11-27T07:30:00+00:00,2024-11-28T02:30:00+00:00,13.0,3
2071456606ced718ca1f2f74f4a7cde5f1b9773c69ee95a9efdc1c27149d1c76,united states: Durable Goods Orders (MoM),2024-11-27T13:30:00+00:00,0.20%,-0.80%,0.2,-0.8,percentage_points,1.0,comparable,above,NDX,closed_at_release,ok,-0.82470168826998,2024-11-26T20:30:00+00:00,2024-11-27T15:30:00+00:00,2.0,3
2071456606ced718ca1f2f74f4a7cde5f1b9773c69ee95a9efdc1c27149d1c76,united states: Durable Goods Orders (MoM),2024-11-27T13:30:00+00:00,0.20%,-0.80%,0.2,-0.8,percentage_points,1.0,comparable,above,STOXX50E,open_at_release,ok,0.20821208807908492,2024-11-27T13:00:00+00:00,2024-11-27T15:00:00+00:00,1.5,3
bb78e238b44b690a2c527edae37d2b40fa58c3fb0730032e115579a4a1193647,united states: Durable Goods Orders (MoM),2024-12-23T13:30:00+00:00,-1.10%,-0.30%,-1.1,-0.3,percentage_points,-0.8,comparable,below,HSI,closed_at_release,ok,1.205009657844247,2024-12-23T07:30:00+00:00,2024-12-24T02:30:00+00:00,13.0,1
bb78e238b44b690a2c527edae37d2b40fa58c3fb0730032e115579a4a1193647,united states: Durable Goods Orders (MoM),2024-12-23T13:30:00+00:00,-1.10%,-0.30%,-1.1,-0.3,percentage_points,-0.8,comparable,below,NDX,closed_at_release,ok,-0.4554103058524772,2024-12-20T20:30:00+00:00,2024-12-23T15:30:00+00:00,2.0,1
bb78e238b44b690a2c527edae37d2b40fa58c3fb0730032e115579a4a1193647,united states: Durable Goods Orders (MoM),2024-12-23T13:30:00+00:00,-1.10%,-0.30%,-1.1,-0.3,percentage_points,-0.8,comparable,below,STOXX50E,open_at_release,ok,-0.04751300406115044,2024-12-23T13:00:00+00:00,2024-12-23T15:00:00+00:00,1.5,1
3c24da078f0acbb98a843595ef5f54daa5549b0aec79b5480a1e2510f6b1bd5b,united states: Existing Home Sales,2024-10-23T14:00:00+00:00,3.84M,3.88M,3840000.0,3880000.0,numeric,-40000.0,comparable,below,HSI,closed_at_release,ok,-0.7762533436231122,2024-10-23T07:30:00+00:00,2024-10-24T02:30:00+00:00,12.5,1
3c24da078f0acbb98a843595ef5f54daa5549b0aec79b5480a1e2510f6b1bd5b,united states: Existing Home Sales,2024-10-23T14:00:00+00:00,3.84M,3.88M,3840000.0,3880000.0,numeric,-40000.0,comparable,below,NDX,open_at_release,ok,-0.7079617248424097,2024-10-23T13:30:00+00:00,2024-10-23T15:30:00+00:00,1.5,1
3c24da078f0acbb98a843595ef5f54daa5549b0aec79b5480a1e2510f6b1bd5b,united states: Existing Home Sales,2024-10-23T14:00:00+00:00,3.84M,3.88M,3840000.0,3880000.0,numeric,-40000.0,comparable,below,STOXX50E,open_at_release,ok,0.04477702161178598,2024-10-23T14:00:00+00:00,2024-10-23T15:00:00+00:00,1.0,1
a17e7fab1b59be466003f0f9bf62354c848122e96741fa952e94dee6c6441ec6,united states: Existing Home Sales,2024-11-21T15:00:00+00:00,3.96M,3.95M,3960000.0,3950000.0,numeric,10000.0,comparable,above,HSI,closed_at_release,ok,-0.1376711124023378,2024-11-21T07:30:00+00:00,2024-11-22T02:30:00+00:00,11.5,1
a17e7fab1b59be466003f0f9bf62354c848122e96741fa952e94dee6c6441ec6,united states: Existing Home Sales,2024-11-21T15:00:00+00:00,3.96M,3.95M,3960000.0,3950000.0,numeric,10000.0,comparable,above,NDX,open_at_release,ok,-0.3720454989123989,2024-11-21T14:30:00+00:00,2024-11-21T16:30:00+00:00,1.5,1
a17e7fab1b59be466003f0f9bf62354c848122e96741fa952e94dee6c6441ec6,united states: Existing Home Sales,2024-11-21T15:00:00+00:00,3.96M,3.95M,3960000.0,3950000.0,numeric,10000.0,comparable,above,STOXX50E,open_at_release,ok,0.46222304010106186,2024-11-21T15:00:00+00:00,2024-11-21T16:00:00+00:00,1.0,1
79ba90ce85128e2a8d2bddc6e46919ca90fd76a1bd5826dfdb419a93a147290e,united states: Existing Home Sales,2024-12-19T15:00:00+00:00,4.15M,4.09M,4150000.0,4090000.0,numeric,60000.0,comparable,above,HSI,closed_at_release,ok,-0.2848147373389454,2024-12-19T07:30:00+00:00,2024-12-20T02:30:00+00:00,11.5,1
79ba90ce85128e2a8d2bddc6e46919ca90fd76a1bd5826dfdb419a93a147290e,united states: Existing Home Sales,2024-12-19T15:00:00+00:00,4.15M,4.09M,4150000.0,4090000.0,numeric,60000.0,comparable,above,NDX,open_at_release,ok,-0.17778383241416895,2024-12-19T14:30:00+00:00,2024-12-19T16:30:00+00:00,1.5,1
79ba90ce85128e2a8d2bddc6e46919ca90fd76a1bd5826dfdb419a93a147290e,united states: Existing Home Sales,2024-12-19T15:00:00+00:00,4.15M,4.09M,4150000.0,4090000.0,numeric,60000.0,comparable,above,STOXX50E,open_at_release,ok,-0.007780960170489239,2024-12-19T15:00:00+00:00,2024-12-19T16:00:00+00:00,1.0,1
602b93778d6e49fb4e70683cd7f3ee38fef4d9b30ca4bfca83482c4fd673f7bb,united states: FOMC Meeting Minutes,2024-10-09T18:00:00+00:00,,,,,,,missing_value,unknown,HSI,closed_at_release,ok,3.2573958580784046,2024-10-09T07:30:00+00:00,2024-10-10T02:30:00+00:00,8.5,1
602b93778d6e49fb4e70683cd7f3ee38fef4d9b30ca4bfca83482c4fd673f7bb,united states: FOMC Meeting Minutes,2024-10-09T18:00:00+00:00,,,,,,,missing_value,unknown,NDX,open_at_release,ok,0.07748796831259508,2024-10-09T17:30:00+00:00,2024-10-09T19:30:00+00:00,1.5,1
602b93778d6e49fb4e70683cd7f3ee38fef4d9b30ca4bfca83482c4fd673f7bb,united states: FOMC Meeting Minutes,2024-10-09T18:00:00+00:00,,,,,,,missing_value,unknown,STOXX50E,closed_at_release,ok,-0.24393900563310922,2024-10-09T15:00:00+00:00,2024-10-10T08:00:00+00:00,14.0,1
e556a82b980edca5e5103f50adc688701f8b7b1bea050c42ac5bc0515e3e42b1,united states: FOMC Meeting Minutes,2024-11-26T19:00:00+00:00,,,,,,,missing_value,unknown,HSI,closed_at_release,ok,0.2593004833693069,2024-11-26T07:30:00+00:00,2024-11-27T02:30:00+00:00,7.5,1
e556a82b980edca5e5103f50adc688701f8b7b1bea050c42ac5bc0515e3e42b1,united states: FOMC Meeting Minutes,2024-11-26T19:00:00+00:00,,,,,,,missing_value,unknown,NDX,open_at_release,ok,-0.01831212521752334,2024-11-26T18:30:00+00:00,2024-11-26T20:30:00+00:00,1.5,1
e556a82b980edca5e5103f50adc688701f8b7b1bea050c42ac5bc0515e3e42b1,united states: FOMC Meeting Minutes,2024-11-26T19:00:00+00:00,,,,,,,missing_value,unknown,STOXX50E,closed_at_release,ok,-0.6615843394268904,2024-11-26T16:00:00+00:00,2024-11-27T09:00:00+00:00,14.0,1
7c1a1b915f8c70a90a1832faaaa015c0222c83d1c963d5b2867bd33ede8116a0,united states: FOMC Press Conference,2024-11-07T19:30:00+00:00,,,,,,,missing_value,unknown,HSI,closed_at_release,ok,0.7887940095715695,2024-11-07T07:30:00+00:00,2024-11-08T02:30:00+00:00,7.0,1
7c1a1b915f8c70a90a1832faaaa015c0222c83d1c963d5b2867bd33ede8116a0,united states: FOMC Press Conference,2024-11-07T19:30:00+00:00,,,,,,,missing_value,unknown,NDX,open_at_release,ok,0.21781709334798283,2024-11-07T19:30:00+00:00,2024-11-07T20:30:00+00:00,1.0,1
7c1a1b915f8c70a90a1832faaaa015c0222c83d1c963d5b2867bd33ede8116a0,united states: FOMC Press Conference,2024-11-07T19:30:00+00:00,,,,,,,missing_value,unknown,STOXX50E,closed_at_release,ok,-0.46847683100326165,2024-11-07T16:00:00+00:00,2024-11-08T09:00:00+00:00,13.5,1
801312e7d39322a558372572a45689c42463dae1d3a2ef16d4da36e29625c1c3,united states: FOMC Press Conference,2024-12-18T19:30:00+00:00,,,,,,,missing_value,unknown,HSI,closed_at_release,ok,-1.2579682435987172,2024-12-18T07:30:00+00:00,2024-12-19T02:30:00+00:00,7.0,1
801312e7d39322a558372572a45689c42463dae1d3a2ef16d4da36e29625c1c3,united states: FOMC Press Conference,2024-12-18T19:30:00+00:00,,,,,,,missing_value,unknown,NDX,open_at_release,ok,-1.6397292966498171,2024-12-18T19:30:00+00:00,2024-12-18T20:30:00+00:00,1.0,1
801312e7d39322a558372572a45689c42463dae1d3a2ef16d4da36e29625c1c3,united states: FOMC Press Conference,2024-12-18T19:30:00+00:00,,,,,,,missing_value,unknown,STOXX50E,closed_at_release,ok,-1.1659191414430947,2024-12-18T16:00:00+00:00,2024-12-19T09:00:00+00:00,13.5,1
06171af4d3a7d0babce4beab15f66e9b53801517fd0127ecb79e0a517074afb1,united states: FOMC Statement,2024-11-07T19:00:00+00:00,,,,,,,missing_value,unknown,HSI,closed_at_release,ok,0.7887940095715695,2024-11-07T07:30:00+00:00,2024-11-08T02:30:00+00:00,7.5,2
06171af4d3a7d0babce4beab15f66e9b53801517fd0127ecb79e0a517074afb1,united states: FOMC Statement,2024-11-07T19:00:00+00:00,,,,,,,missing_value,unknown,NDX,open_at_release,ok,0.2771125378209671,2024-11-07T18:30:00+00:00,2024-11-07T20:30:00+00:00,1.5,2
06171af4d3a7d0babce4beab15f66e9b53801517fd0127ecb79e0a517074afb1,united states: FOMC Statement,2024-11-07T19:00:00+00:00,,,,,,,missing_value,unknown,STOXX50E,closed_at_release,ok,-0.46847683100326165,2024-11-07T16:00:00+00:00,2024-11-08T09:00:00+00:00,14.0,2
3017c9e5a6df083b76d0d49c5d949630db272f6a60478e624e651131aa3969c4,united states: FOMC Statement,2024-12-18T19:00:00+00:00,,,,,,,missing_value,unknown,HSI,closed_at_release,ok,-1.2579682435987172,2024-12-18T07:30:00+00:00,2024-12-19T02:30:00+00:00,7.5,3
3017c9e5a6df083b76d0d49c5d949630db272f6a60478e624e651131aa3969c4,united states: FOMC Statement,2024-12-18T19:00:00+00:00,,,,,,,missing_value,unknown,NDX,open_at_release,ok,-2.5377767426477242,2024-12-18T18:30:00+00:00,2024-12-18T20:30:00+00:00,1.5,3
3017c9e5a6df083b76d0d49c5d949630db272f6a60478e624e651131aa3969c4,united states: FOMC Statement,2024-12-18T19:00:00+00:00,,,,,,,missing_value,unknown,STOXX50E,closed_at_release,ok,-1.1659191414430947,2024-12-18T16:00:00+00:00,2024-12-19T09:00:00+00:00,14.0,3
c28555ee4ff8db68693ecf839664c14bf6f7fe2652ba3ea50b594ee4ec501a9e,united states: Fed Chair Powell Speaks,2024-11-14T20:00:00+00:00,,,,,,,missing_value,unknown,HSI,closed_at_release,ok,0.34987185662003206,2024-11-14T07:30:00+00:00,2024-11-15T02:30:00+00:00,6.5,1
c28555ee4ff8db68693ecf839664c14bf6f7fe2652ba3ea50b594ee4ec501a9e,united states: Fed Chair Powell Speaks,2024-11-14T20:00:00+00:00,,,,,,,missing_value,unknown,NDX,open_at_release,outside_tolerance,,2024-11-14T19:30:00+00:00,,,1
c28555ee4ff8db68693ecf839664c14bf6f7fe2652ba3ea50b594ee4ec501a9e,united states: Fed Chair Powell Speaks,2024-11-14T20:00:00+00:00,,,,,,,missing_value,unknown,STOXX50E,closed_at_release,ok,-0.20484234976778648,2024-11-14T16:00:00+00:00,2024-11-15T09:00:00+00:00,13.0,1
9ec40e72eddb19a3a90e7e253d6855c974da5109d9f66504f2c08a214ae6ff1f,united states: Fed Chair Powell Speaks,2024-12-04T18:45:00+00:00,,,,,,,missing_value,unknown,HSI,closed_at_release,ok,-1.118581472156499,2024-12-04T07:30:00+00:00,2024-12-05T02:30:00+00:00,7.75,1
9ec40e72eddb19a3a90e7e253d6855c974da5109d9f66504f2c08a214ae6ff1f,united states: Fed Chair Powell Speaks,2024-12-04T18:45:00+00:00,,,,,,,missing_value,unknown,NDX,open_at_release,ok,0.23587712502581848,2024-12-04T18:30:00+00:00,2024-12-04T20:30:00+00:00,1.75,1
9ec40e72eddb19a3a90e7e253d6855c974da5109d9f66504f2c08a214ae6ff1f,united states: Fed Chair Powell Speaks,2024-12-04T18:45:00+00:00,,,,,,,missing_value,unknown,STOXX50E,closed_at_release,ok,0.5429580507803957,2024-12-04T16:00:00+00:00,2024-12-05T09:00:00+00:00,14.25,1
c4ae7b84daed16a87bc916557122ab170754625746f096f674e595a8f548ecf0,united states: Fed Interest Rate Decision,2024-11-07T19:00:00+00:00,4.75%,4.75%,4.75,4.75,percentage_points,0.0,comparable,matched,HSI,closed_at_release,ok,0.7887940095715695,2024-11-07T07:30:00+00:00,2024-11-08T02:30:00+00:00,7.5,2
c4ae7b84daed16a87bc916557122ab170754625746f096f674e595a8f548ecf0,united states: Fed Interest Rate Decision,2024-11-07T19:00:00+00:00,4.75%,4.75%,4.75,4.75,percentage_points,0.0,comparable,matched,NDX,open_at_release,ok,0.2771125378209671,2024-11-07T18:30:00+00:00,2024-11-07T20:30:00+00:00,1.5,2
c4ae7b84daed16a87bc916557122ab170754625746f096f674e595a8f548ecf0,united states: Fed Interest Rate Decision,2024-11-07T19:00:00+00:00,4.75%,4.75%,4.75,4.75,percentage_points,0.0,comparable,matched,STOXX50E,closed_at_release,ok,-0.46847683100326165,2024-11-07T16:00:00+00:00,2024-11-08T09:00:00+00:00,14.0,2
9507bb5b48567ee4e86e91a17176e44f7b49a927efc0a3b160b5c52f4b1d5720,united states: Fed Interest Rate Decision,2024-12-18T19:00:00+00:00,4.50%,4.50%,4.5,4.5,percentage_points,0.0,comparable,matched,HSI,closed_at_release,ok,-1.2579682435987172,2024-12-18T07:30:00+00:00,2024-12-19T02:30:00+00:00,7.5,3
9507bb5b48567ee4e86e91a17176e44f7b49a927efc0a3b160b5c52f4b1d5720,united states: Fed Interest Rate Decision,2024-12-18T19:00:00+00:00,4.50%,4.50%,4.5,4.5,percentage_points,0.0,comparable,matched,NDX,open_at_release,ok,-2.5377767426477242,2024-12-18T18:30:00+00:00,2024-12-18T20:30:00+00:00,1.5,3
9507bb5b48567ee4e86e91a17176e44f7b49a927efc0a3b160b5c52f4b1d5720,united states: Fed Interest Rate Decision,2024-12-18T19:00:00+00:00,4.50%,4.50%,4.5,4.5,percentage_points,0.0,comparable,matched,STOXX50E,closed_at_release,ok,-1.1659191414430947,2024-12-18T16:00:00+00:00,2024-12-19T09:00:00+00:00,14.0,3
f885e787b1a46238c2db5086c3db46635c3d871054dc397452ecddc8d47a84d4,united states: GDP (QoQ) (Q3),2024-10-30T12:30:00+00:00,2.80%,3.00%,2.8,3.0,percentage_points,-0.2,comparable,below,HSI,closed_at_release,ok,0.5294869664303814,2024-10-30T07:30:00+00:00,2024-10-31T02:30:00+00:00,14.0,1
f885e787b1a46238c2db5086c3db46635c3d871054dc397452ecddc8d47a84d4,united states: GDP (QoQ) (Q3),2024-10-30T12:30:00+00:00,2.80%,3.00%,2.8,3.0,percentage_points,-0.2,comparable,below,NDX,closed_at_release,ok,-0.22099672795876657,2024-10-29T19:30:00+00:00,2024-10-30T14:30:00+00:00,2.0,1
f885e787b1a46238c2db5086c3db46635c3d871054dc397452ecddc8d47a84d4,united states: GDP (QoQ) (Q3),2024-10-30T12:30:00+00:00,2.80%,3.00%,2.8,3.0,percentage_points,-0.2,comparable,below,STOXX50E,open_at_release,ok,0.11777863257966814,2024-10-30T12:00:00+00:00,2024-10-30T14:00:00+00:00,1.5,1
2f94b219f9c4f333c1557b9c3ec0302b8a68503c59f6ee5745801963cb7e34fa,united states: GDP (QoQ) (Q3),2024-11-27T13:30:00+00:00,2.80%,2.80%,2.8,2.8,percentage_points,0.0,comparable,matched,HSI,closed_at_release,ok,-1.1224663181964023,2024-11-27T07:30:00+00:00,2024-11-28T02:30:00+00:00,13.0,3
2f94b219f9c4f333c1557b9c3ec0302b8a68503c59f6ee5745801963cb7e34fa,united states: GDP (QoQ) (Q3),2024-11-27T13:30:00+00:00,2.80%,2.80%,2.8,2.8,percentage_points,0.0,comparable,matched,NDX,closed_at_release,ok,-0.82470168826998,2024-11-26T20:30:00+00:00,2024-11-27T15:30:00+00:00,2.0,3
2f94b219f9c4f333c1557b9c3ec0302b8a68503c59f6ee5745801963cb7e34fa,united states: GDP (QoQ) (Q3),2024-11-27T13:30:00+00:00,2.80%,2.80%,2.8,2.8,percentage_points,0.0,comparable,matched,STOXX50E,open_at_release,ok,0.20821208807908492,2024-11-27T13:00:00+00:00,2024-11-27T15:00:00+00:00,1.5,3
b9fefd8c9bf268acdf9d1ac77f0bad68643d86c4043024265055f647bee1e5a1,united states: GDP (QoQ) (Q3),2024-12-19T13:30:00+00:00,3.10%,2.80%,3.1,2.8,percentage_points,0.3,comparable,above,HSI,closed_at_release,ok,-0.2848147373389454,2024-12-19T07:30:00+00:00,2024-12-20T02:30:00+00:00,13.0,3
b9fefd8c9bf268acdf9d1ac77f0bad68643d86c4043024265055f647bee1e5a1,united states: GDP (QoQ) (Q3),2024-12-19T13:30:00+00:00,3.10%,2.80%,3.1,2.8,percentage_points,0.3,comparable,above,NDX,closed_at_release,ok,-0.9411412020885244,2024-12-18T20:30:00+00:00,2024-12-19T15:30:00+00:00,2.0,3
b9fefd8c9bf268acdf9d1ac77f0bad68643d86c4043024265055f647bee1e5a1,united states: GDP (QoQ) (Q3),2024-12-19T13:30:00+00:00,3.10%,2.80%,3.1,2.8,percentage_points,0.3,comparable,above,STOXX50E,open_at_release,ok,-0.303245160944876,2024-12-19T13:00:00+00:00,2024-12-19T15:00:00+00:00,1.5,3
2db76c39166734ccd99b7781cd683df4352c40353e78b1266b369baafcfa2fb8,united states: ISM Manufacturing PMI,2024-11-01T14:00:00+00:00,46.5,47.6,46.5,47.6,numeric,-1.1,comparable,below,HSI,closed_at_release,ok,0.23617922465706265,2024-11-01T07:30:00+00:00,2024-11-04T02:30:00+00:00,60.5,2
2db76c39166734ccd99b7781cd683df4352c40353e78b1266b369baafcfa2fb8,united states: ISM Manufacturing PMI,2024-11-01T14:00:00+00:00,46.5,47.6,46.5,47.6,numeric,-1.1,comparable,below,NDX,open_at_release,ok,1.0191646684101219,2024-11-01T13:30:00+00:00,2024-11-01T15:30:00+00:00,1.5,2
2db76c39166734ccd99b7781cd683df4352c40353e78b1266b369baafcfa2fb8,united states: ISM Manufacturing PMI,2024-11-01T14:00:00+00:00,46.5,47.6,46.5,47.6,numeric,-1.1,comparable,below,STOXX50E,open_at_release,ok,0.21920338848393506,2024-11-01T14:00:00+00:00,2024-11-01T15:00:00+00:00,1.0,2
4540d5fbec01ba8e6d2e67980d89d356335f951e97dcecc397a3a724c5873797,united states: ISM Manufacturing PMI,2024-12-02T15:00:00+00:00,48.4,47.7,48.4,47.7,numeric,0.7,comparable,above,HSI,closed_at_release,ok,-0.5657362952858347,2024-12-02T07:30:00+00:00,2024-12-03T02:30:00+00:00,11.5,2
4540d5fbec01ba8e6d2e67980d89d356335f951e97dcecc397a3a724c5873797,united states: ISM Manufacturing PMI,2024-12-02T15:00:00+00:00,48.4,47.7,48.4,47.7,numeric,0.7,comparable,above,NDX,open_at_release,ok,0.7131967424390374,2024-12-02T14:30:00+00:00,2024-12-02T16:30:00+00:00,1.5,2
4540d5fbec01ba8e6d2e67980d89d356335f951e97dcecc397a3a724c5873797,united states: ISM Manufacturing PMI,2024-12-02T15:00:00+00:00,48.4,47.7,48.4,47.7,numeric,0.7,comparable,above,STOXX50E,open_at_release,ok,0.15611513453159812,2024-12-02T15:00:00+00:00,2024-12-02T16:00:00+00:00,1.0,2
720fbcccef169a0505fb8ca369ba8e9c3591d8c3ff0bf87e97f2eb439d5548a7,united states: ISM Manufacturing Prices,2024-11-01T14:00:00+00:00,54.8,49.9,54.8,49.9,numeric,4.9,comparable,above,HSI,closed_at_release,ok,0.23617922465706265,2024-11-01T07:30:00+00:00,2024-11-04T02:30:00+00:00,60.5,2
720fbcccef169a0505fb8ca369ba8e9c3591d8c3ff0bf87e97f2eb439d5548a7,united states: ISM Manufacturing Prices,2024-11-01T14:00:00+00:00,54.8,49.9,54.8,49.9,numeric,4.9,comparable,above,NDX,open_at_release,ok,1.0191646684101219,2024-11-01T13:30:00+00:00,2024-11-01T15:30:00+00:00,1.5,2
720fbcccef169a0505fb8ca369ba8e9c3591d8c3ff0bf87e97f2eb439d5548a7,united states: ISM Manufacturing Prices,2024-11-01T14:00:00+00:00,54.8,49.9,54.8,49.9,numeric,4.9,comparable,above,STOXX50E,open_at_release,ok,0.21920338848393506,2024-11-01T14:00:00+00:00,2024-11-01T15:00:00+00:00,1.0,2
2cd2a0f113c6fafe4e7bf1efedd60da56ba94e80b02c123999d77d77a520dfb6,united states: ISM Manufacturing Prices,2024-12-02T15:00:00+00:00,50.3,55.2,50.3,55.2,numeric,-4.9,comparable,below,HSI,closed_at_release,ok,-0.5657362952858347,2024-12-02T07:30:00+00:00,2024-12-03T02:30:00+00:00,11.5,2
2cd2a0f113c6fafe4e7bf1efedd60da56ba94e80b02c123999d77d77a520dfb6,united states: ISM Manufacturing Prices,2024-12-02T15:00:00+00:00,50.3,55.2,50.3,55.2,numeric,-4.9,comparable,below,NDX,open_at_release,ok,0.7131967424390374,2024-12-02T14:30:00+00:00,2024-12-02T16:30:00+00:00,1.5,2
2cd2a0f113c6fafe4e7bf1efedd60da56ba94e80b02c123999d77d77a520dfb6,united states: ISM Manufacturing Prices,2024-12-02T15:00:00+00:00,50.3,55.2,50.3,55.2,numeric,-4.9,comparable,below,STOXX50E,open_at_release,ok,0.15611513453159812,2024-12-02T15:00:00+00:00,2024-12-02T16:00:00+00:00,1.0,2
cbe6a56ca157f034216e0007b24f907f97189f2969e4227783b89eef1971aaf8,united states: ISM Non-Manufacturing PMI,2024-11-05T15:00:00+00:00,56,53.8,56.0,53.8,numeric,2.2,comparable,above,HSI,closed_at_release,ok,-0.8541495094528839,2024-11-05T07:30:00+00:00,2024-11-06T02:30:00+00:00,11.5,2
cbe6a56ca157f034216e0007b24f907f97189f2969e4227783b89eef1971aaf8,united states: ISM Non-Manufacturing PMI,2024-11-05T15:00:00+00:00,56,53.8,56.0,53.8,numeric,2.2,comparable,above,NDX,open_at_release,ok,0.6634038957235688,2024-11-05T14:30:00+00:00,2024-11-05T16:30:00+00:00,1.5,2
cbe6a56ca157f034216e0007b24f907f97189f2969e4227783b89eef1971aaf8,united states: ISM Non-Manufacturing PMI,2024-11-05T15:00:00+00:00,56,53.8,56.0,53.8,numeric,2.2,comparable,above,STOXX50E,open_at_release,ok,0.2825040812680424,2024-11-05T15:00:00+00:00,2024-11-05T16:00:00+00:00,1.0,2
82f31639c91033b1717ed53edb8d2bdf0cab2c64a45414732a83b242ff38a563,united states: ISM Non-Manufacturing PMI,2024-12-04T15:00:00+00:00,52.1,55.5,52.1,55.5,numeric,-3.4,comparable,below,HSI,closed_at_release,ok,-1.118581472156499,2024-12-04T07:30:00+00:00,2024-12-05T02:30:00+00:00,11.5,2
82f31639c91033b1717ed53edb8d2bdf0cab2c64a45414732a83b242ff38a563,united states: ISM Non-Manufacturing PMI,2024-12-04T15:00:00+00:00,52.1,55.5,52.1,55.5,numeric,-3.4,comparable,below,NDX,open_at_release,ok,0.23973575321294405,2024-12-04T14:30:00+00:00,2024-12-04T16:30:00+00:00,1.5,2
82f31639c91033b1717ed53edb8d2bdf0cab2c64a45414732a83b242ff38a563,united states: ISM Non-Manufacturing PMI,2024-12-04T15:00:00+00:00,52.1,55.5,52.1,55.5,numeric,-3.4,comparable,below,STOXX50E,open_at_release,ok,0.09804717089914036,2024-12-04T15:00:00+00:00,2024-12-04T16:00:00+00:00,1.0,2
bfc25c4c331fff62b03af535b641e64789eec805fb9d1f1b6fee6779d4499921,united states: ISM Non-Manufacturing Prices,2024-11-05T15:00:00+00:00,58.1,58,58.1,58.0,numeric,0.1,comparable,above,HSI,closed_at_release,ok,-0.8541495094528839,2024-11-05T07:30:00+00:00,2024-11-06T02:30:00+00:00,11.5,2
bfc25c4c331fff62b03af535b641e64789eec805fb9d1f1b6fee6779d4499921,united states: ISM Non-Manufacturing Prices,2024-11-05T15:00:00+00:00,58.1,58,58.1,58.0,numeric,0.1,comparable,above,NDX,open_at_release,ok,0.6634038957235688,2024-11-05T14:30:00+00:00,2024-11-05T16:30:00+00:00,1.5,2
bfc25c4c331fff62b03af535b641e64789eec805fb9d1f1b6fee6779d4499921,united states: ISM Non-Manufacturing Prices,2024-11-05T15:00:00+00:00,58.1,58,58.1,58.0,numeric,0.1,comparable,above,STOXX50E,open_at_release,ok,0.2825040812680424,2024-11-05T15:00:00+00:00,2024-11-05T16:00:00+00:00,1.0,2
de3a6d771b838ac9ed5716e9b41808e4009857348f5a2715f5394e7bf8a0a441,united states: ISM Non-Manufacturing Prices,2024-12-04T15:00:00+00:00,58.2,56.4,58.2,56.4,numeric,1.8,comparable,above,HSI,closed_at_release,ok,-1.118581472156499,2024-12-04T07:30:00+00:00,2024-12-05T02:30:00+00:00,11.5,2
de3a6d771b838ac9ed5716e9b41808e4009857348f5a2715f5394e7bf8a0a441,united states: ISM Non-Manufacturing Prices,2024-12-04T15:00:00+00:00,58.2,56.4,58.2,56.4,numeric,1.8,comparable,above,NDX,open_at_release,ok,0.23973575321294405,2024-12-04T14:30:00+00:00,2024-12-04T16:30:00+00:00,1.5,2
de3a6d771b838ac9ed5716e9b41808e4009857348f5a2715f5394e7bf8a0a441,united states: ISM Non-Manufacturing Prices,2024-12-04T15:00:00+00:00,58.2,56.4,58.2,56.4,numeric,1.8,comparable,above,STOXX50E,open_at_release,ok,0.09804717089914036,2024-12-04T15:00:00+00:00,2024-12-04T16:00:00+00:00,1.0,2
819a5056488325fee247a1dca64f754aef832dfd8f4b8702bde7cbb8b14967b5,united states: Initial Jobless Claims,2024-10-10T12:30:00+00:00,258K,231K,258000.0,231000.0,numeric,27000.0,comparable,above,HSI,closed_at_release,ok,-2.329563312426997,2024-10-10T07:30:00+00:00,2024-10-14T02:30:00+00:00,86.0,4
819a5056488325fee247a1dca64f754aef832dfd8f4b8702bde7cbb8b14967b5,united states: Initial Jobless Claims,2024-10-10T12:30:00+00:00,258K,231K,258000.0,231000.0,numeric,27000.0,comparable,above,NDX,closed_at_release,ok,-0.12104392667116048,2024-10-09T19:30:00+00:00,2024-10-10T14:30:00+00:00,2.0,4
819a5056488325fee247a1dca64f754aef832dfd8f4b8702bde7cbb8b14967b5,united states: Initial Jobless Claims,2024-10-10T12:30:00+00:00,258K,231K,258000.0,231000.0,numeric,27000.0,comparable,above,STOXX50E,open_at_release,ok,-0.5568650883268077,2024-10-10T12:00:00+00:00,2024-10-10T14:00:00+00:00,1.5,4
82c82d8cd526030fbd5778c1432872fb8e597cbe67e1bc72e8d0c982dfb4a70d,united states: Initial Jobless Claims,2024-10-17T12:30:00+00:00,241K,241K,241000.0,241000.0,numeric,0.0,comparable,matched,HSI,closed_at_release,ok,0.7508145767808116,2024-10-17T07:30:00+00:00,2024-10-18T02:30:00+00:00,14.0,4
82c82d8cd526030fbd5778c1432872fb8e597cbe67e1bc72e8d0c982dfb4a70d,united states: Initial Jobless Claims,2024-10-17T12:30:00+00:00,241K,241K,241000.0,241000.0,numeric,0.0,comparable,matched,NDX,closed_at_release,ok,0.4848869760446517,2024-10-16T19:30:00+00:00,2024-10-17T14:30:00+00:00,2.0,4
82c82d8cd526030fbd5778c1432872fb8e597cbe67e1bc72e8d0c982dfb4a70d,united states: Initial Jobless Claims,2024-10-17T12:30:00+00:00,241K,241K,241000.0,241000.0,numeric,0.0,comparable,matched,STOXX50E,open_at_release,ok,0.131263286679828,2024-10-17T12:00:00+00:00,2024-10-17T14:00:00+00:00,1.5,4
bc05d68aa3f497440d1eca45ce443c7663df0bf9613444bb6e23b18f32c3396c,united states: Initial Jobless Claims,2024-10-24T12:30:00+00:00,227K,243K,227000.0,243000.0,numeric,-16000.0,comparable,below,HSI,closed_at_release,ok,0.9041082144640054,2024-10-24T07:30:00+00:00,2024-10-25T02:30:00+00:00,14.0,1
bc05d68aa3f497440d1eca45ce443c7663df0bf9613444bb6e23b18f32c3396c,united states: Initial Jobless Claims,2024-10-24T12:30:00+00:00,227K,243K,227000.0,243000.0,numeric,-16000.0,comparable,below,NDX,closed_at_release,ok,0.6346279770056197,2024-10-23T19:30:00+00:00,2024-10-24T14:30:00+00:00,2.0,1
bc05d68aa3f497440d1eca45ce443c7663df0bf9613444bb6e23b18f32c3396c,united states: Initial Jobless Claims,2024-10-24T12:30:00+00:00,227K,243K,227000.0,243000.0,numeric,-16000.0,comparable,below,STOXX50E,open_at_release,ok,-0.09043192826343473,2024-10-24T12:00:00+00:00,2024-10-24T14:00:00+00:00,1.5,1
46958eacde8e2bb3f647492f8c8c802d58f9b766b386df84f5da545f41c16120,united states: Initial Jobless Claims,2024-10-31T12:30:00+00:00,216K,229K,216000.0,229000.0,numeric,-13000.0,comparable,below,HSI,closed_at_release,ok,0.3450722798960637,2024-10-31T07:30:00+00:00,2024-11-01T02:30:00+00:00,14.0,3
46958eacde8e2bb3f647492f8c8c802d58f9b766b386df84f5da545f41c16120,united states: Initial Jobless Claims,2024-10-31T12:30:00+00:00,216K,229K,216000.0,229000.0,numeric,-13000.0,comparable,below,NDX,closed_at_release,ok,-2.0840732170443244,2024-10-30T19:30:00+00:00,2024-10-31T14:30:00+00:00,2.0,3
46958eacde8e2bb3f647492f8c8c802d58f9b766b386df84f5da545f41c16120,united states: Initial Jobless Claims,2024-10-31T12:30:00+00:00,216K,229K,216000.0,229000.0,numeric,-13000.0,comparable,below,STOXX50E,open_at_release,ok,-0.24225299720578297,2024-10-31T12:00:00+00:00,2024-10-31T14:00:00+00:00,1.5,3
8aeb8d0b4a099c7d3b535cac237f7240a4321a0f7d6fa01850059b7b1932a4f8,united states: Initial Jobless Claims,2024-11-07T13:30:00+00:00,221K,223K,221000.0,223000.0,numeric,-2000.0,comparable,below,HSI,closed_at_release,ok,0.7887940095715695,2024-11-07T07:30:00+00:00,2024-11-08T02:30:00+00:00,13.0,1
8aeb8d0b4a099c7d3b535cac237f7240a4321a0f7d6fa01850059b7b1932a4f8,united states: Initial Jobless Claims,2024-11-07T13:30:00+00:00,221K,223K,221000.0,223000.0,numeric,-2000.0,comparable,below,NDX,closed_at_release,ok,1.0304032111463801,2024-11-06T20:30:00+00:00,2024-11-07T15:30:00+00:00,2.0,1
8aeb8d0b4a099c7d3b535cac237f7240a4321a0f7d6fa01850059b7b1932a4f8,united states: Initial Jobless Claims,2024-11-07T13:30:00+00:00,221K,223K,221000.0,223000.0,numeric,-2000.0,comparable,below,STOXX50E,open_at_release,ok,0.7013408227116935,2024-11-07T13:00:00+00:00,2024-11-07T15:00:00+00:00,1.5,1
9eff152feaed614bcef24b899179a6bd4dec4de929d73bf323b96204fd23d537,united states: Initial Jobless Claims,2024-11-14T13:30:00+00:00,217K,224K,217000.0,224000.0,numeric,-7000.0,comparable,below,HSI,closed_at_release,ok,0.34987185662003206,2024-11-14T07:30:00+00:00,2024-11-15T02:30:00+00:00,13.0,2
9eff152feaed614bcef24b899179a6bd4dec4de929d73bf323b96204fd23d537,united states: Initial Jobless Claims,2024-11-14T13:30:00+00:00,217K,224K,217000.0,224000.0,numeric,-7000.0,comparable,below,NDX,closed_at_release,ok,-0.36193767648656777,2024-11-13T20:30:00+00:00,2024-11-14T15:30:00+00:00,2.0,2
9eff152feaed614bcef24b899179a6bd4dec4de929d73bf323b96204fd23d537,united states: Initial Jobless Claims,2024-11-14T13:30:00+00:00,217K,224K,217000.0,224000.0,numeric,-7000.0,comparable,below,STOXX50E,open_at_release,ok,0.354231841278807,2024-11-14T13:00:00+00:00,2024-11-14T15:00:00+00:00,1.5,2
732b0708a4495ee62b957567c26838571c188eea4c2f36d83834e5e405cd011a,united states: Initial Jobless Claims,2024-11-21T13:30:00+00:00,213K,220K,213000.0,220000.0,numeric,-7000.0,comparable,below,HSI,closed_at_release,ok,-0.1376711124023378,2024-11-21T07:30:00+00:00,2024-11-22T02:30:00+00:00,13.0,2
732b0708a4495ee62b957567c26838571c188eea4c2f36d83834e5e405cd011a,united states: Initial Jobless Claims,2024-11-21T13:30:00+00:00,213K,220K,213000.0,220000.0,numeric,-7000.0,comparable,below,NDX,closed_at_release,ok,-0.5489021150671181,2024-11-20T20:30:00+00:00,2024-11-21T15:30:00+00:00,2.0,2
732b0708a4495ee62b957567c26838571c188eea4c2f36d83834e5e405cd011a,united states: Initial Jobless Claims,2024-11-21T13:30:00+00:00,213K,220K,213000.0,220000.0,numeric,-7000.0,comparable,below,STOXX50E,open_at_release,ok,0.23228939410278038,2024-11-21T13:00:00+00:00,2024-11-21T15:00:00+00:00,1.5,2
3fa7d9977dccc5a5b52b4be6bf5984d5487170087b3898e34ceccfd2f0400ed8,united states: Initial Jobless Claims,2024-11-27T13:30:00+00:00,213K,215K,213000.0,215000.0,numeric,-2000.0,comparable,below,HSI,closed_at_release,ok,-1.1224663181964023,2024-11-27T07:30:00+00:00,2024-11-28T02:30:00+00:00,13.0,3
3fa7d9977dccc5a5b52b4be6bf5984d5487170087b3898e34ceccfd2f0400ed8,united states: Initial Jobless Claims,2024-11-27T13:30:00+00:00,213K,215K,213000.0,215000.0,numeric,-2000.0,comparable,below,NDX,closed_at_release,ok,-0.82470168826998,2024-11-26T20:30:00+00:00,2024-11-27T15:30:00+00:00,2.0,3
3fa7d9977dccc5a5b52b4be6bf5984d5487170087b3898e34ceccfd2f0400ed8,united states: Initial Jobless Claims,2024-11-27T13:30:00+00:00,213K,215K,213000.0,215000.0,numeric,-2000.0,comparable,below,STOXX50E,open_at_release,ok,0.20821208807908492,2024-11-27T13:00:00+00:00,2024-11-27T15:00:00+00:00,1.5,3
f401f79c17f1a5b3ff2a160f2db69d0b8c24dc2caa57ddec7b41cb0a0a5f0425,united states: Initial Jobless Claims,2024-12-05T13:30:00+00:00,224K,215K,224000.0,215000.0,numeric,9000.0,comparable,above,HSI,closed_at_release,ok,0.6952470927516163,2024-12-05T07:30:00+00:00,2024-12-06T02:30:00+00:00,13.0,1
f401f79c17f1a5b3ff2a160f2db69d0b8c24dc2caa57ddec7b41cb0a0a5f0425,united states: Initial Jobless Claims,2024-12-05T13:30:00+00:00,224K,215K,224000.0,215000.0,numeric,9000.0,comparable,above,NDX,closed_at_release,ok,0.020716347081162215,2024-12-04T20:30:00+00:00,2024-12-05T15:30:00+00:00,2.0,1
f401f79c17f1a5b3ff2a160f2db69d0b8c24dc2caa57ddec7b41cb0a0a5f0425,united states: Initial Jobless Claims,2024-12-05T13:30:00+00:00,224K,215K,224000.0,215000.0,numeric,9000.0,comparable,above,STOXX50E,open_at_release,ok,0.0018182687788526053,2024-12-05T13:00:00+00:00,2024-12-05T15:00:00+00:00,1.5,1
836e75ac321904f60c0375dc299bcac8c4f290f967931164218e23be539f811b,united states: Initial Jobless Claims,2024-12-12T13:30:00+00:00,242K,221K,242000.0,221000.0,numeric,21000.0,comparable,above,HSI,closed_at_release,ok,-1.7535675938007529,2024-12-12T07:30:00+00:00,2024-12-13T02:30:00+00:00,13.0,2
836e75ac321904f60c0375dc299bcac8c4f290f967931164218e23be539f811b,united states: Initial Jobless Claims,2024-12-12T13:30:00+00:00,242K,221K,242000.0,221000.0,numeric,21000.0,comparable,above,NDX,closed_at_release,ok,-0.4886154562376066,2024-12-11T20:30:00+00:00,2024-12-12T15:30:00+00:00,2.0,2
836e75ac321904f60c0375dc299bcac8c4f290f967931164218e23be539f811b,united states: Initial Jobless Claims,2024-12-12T13:30:00+00:00,242K,221K,242000.0,221000.0,numeric,21000.0,comparable,above,STOXX50E,open_at_release,ok,0.25526104251609727,2024-12-12T13:00:00+00:00,2024-12-12T15:00:00+00:00,1.5,2
46d99296eef7a13562e303546a1b6ed5cae8f53fc3a7eb3d7f01eb2b8f25ec5b,united states: Initial Jobless Claims,2024-12-19T13:30:00+00:00,220K,229K,220000.0,229000.0,numeric,-9000.0,comparable,below,HSI,closed_at_release,ok,-0.2848147373389454,2024-12-19T07:30:00+00:00,2024-12-20T02:30:00+00:00,13.0,3
46d99296eef7a13562e303546a1b6ed5cae8f53fc3a7eb3d7f01eb2b8f25ec5b,united states: Initial Jobless Claims,2024-12-19T13:30:00+00:00,220K,229K,220000.0,229000.0,numeric,-9000.0,comparable,below,NDX,closed_at_release,ok,-0.9411412020885244,2024-12-18T20:30:00+00:00,2024-12-19T15:30:00+00:00,2.0,3
46d99296eef7a13562e303546a1b6ed5cae8f53fc3a7eb3d7f01eb2b8f25ec5b,united states: Initial Jobless Claims,2024-12-19T13:30:00+00:00,220K,229K,220000.0,229000.0,numeric,-9000.0,comparable,below,STOXX50E,open_at_release,ok,-0.303245160944876,2024-12-19T13:00:00+00:00,2024-12-19T15:00:00+00:00,1.5,3
27c163711788c2f2fa67be83cd2139a3f6aa44ce21c9a99b08705756a79cbc54,united states: Initial Jobless Claims,2024-12-26T13:30:00+00:00,219K,223K,219000.0,223000.0,numeric,-4000.0,comparable,below,HSI,closed_at_release,ok,-0.3146347440647124,2024-12-24T03:30:00+00:00,2024-12-27T02:30:00+00:00,13.0,1
27c163711788c2f2fa67be83cd2139a3f6aa44ce21c9a99b08705756a79cbc54,united states: Initial Jobless Claims,2024-12-26T13:30:00+00:00,219K,223K,219000.0,223000.0,numeric,-4000.0,comparable,below,NDX,closed_at_release,ok,0.07423671558948186,2024-12-24T17:30:00+00:00,2024-12-26T15:30:00+00:00,2.0,1
27c163711788c2f2fa67be83cd2139a3f6aa44ce21c9a99b08705756a79cbc54,united states: Initial Jobless Claims,2024-12-26T13:30:00+00:00,219K,223K,219000.0,223000.0,numeric,-4000.0,comparable,below,STOXX50E,closed_at_release,ok,0.6659540617973247,2024-12-23T16:00:00+00:00,2024-12-27T09:00:00+00:00,19.5,1
f6d4830df03b5956715770fc6f7d64ca9e97ff3d21adc01cc39f388ad09c16a1,united states: JOLTS Job Openings,2024-10-29T14:00:00+00:00,7.443M,7.980M,7443000.0,7980000.0,numeric,-537000.0,comparable,below,HSI,closed_at_release,ok,-0.7432662274535982,2024-10-29T07:30:00+00:00,2024-10-30T02:30:00+00:00,12.5,2
f6d4830df03b5956715770fc6f7d64ca9e97ff3d21adc01cc39f388ad09c16a1,united states: JOLTS Job Openings,2024-10-29T14:00:00+00:00,7.443M,7.980M,7443000.0,7980000.0,numeric,-537000.0,comparable,below,NDX,open_at_release,ok,0.43535928769677923,2024-10-29T13:30:00+00:00,2024-10-29T15:30:00+00:00,1.5,2
f6d4830df03b5956715770fc6f7d64ca9e97ff3d21adc01cc39f388ad09c16a1,united states: JOLTS Job Openings,2024-10-29T14:00:00+00:00,7.443M,7.980M,7443000.0,7980000.0,numeric,-537000.0,comparable,below,STOXX50E,open_at_release,ok,-0.1510723183975049,2024-10-29T14:00:00+00:00,2024-10-29T15:00:00+00:00,1.0,2
bbf82d97e061c25fb5e188588e1e2a70cf988ce93088f4e052891b86f3d5a0f6,united states: JOLTS Job Openings,2024-12-03T15:00:00+00:00,7.744M,7.510M,7744000.0,7510000.0,numeric,234000.0,comparable,above,HSI,closed_at_release,ok,0.006539431134888753,2024-12-03T07:30:00+00:00,2024-12-04T02:30:00+00:00,11.5,1
bbf82d97e061c25fb5e188588e1e2a70cf988ce93088f4e052891b86f3d5a0f6,united states: JOLTS Job Openings,2024-12-03T15:00:00+00:00,7.744M,7.510M,7744000.0,7510000.0,numeric,234000.0,comparable,above,NDX,open_at_release,ok,0.44614184628362075,2024-12-03T14:30:00+00:00,2024-12-03T16:30:00+00:00,1.5,1
bbf82d97e061c25fb5e188588e1e2a70cf988ce93088f4e052891b86f3d5a0f6,united states: JOLTS Job Openings,2024-12-03T15:00:00+00:00,7.744M,7.510M,7744000.0,7510000.0,numeric,234000.0,comparable,above,STOXX50E,open_at_release,ok,0.16943192963037032,2024-12-03T15:00:00+00:00,2024-12-03T16:00:00+00:00,1.0,1
30ed0f7a59fed890faad768b8376bff0df48a8a761e55e2727374a061e267cf4,united states: New Home Sales,2024-10-24T14:00:00+00:00,738K,719K,738000.0,719000.0,numeric,19000.0,comparable,above,HSI,closed_at_release,ok,0.9041082144640054,2024-10-24T07:30:00+00:00,2024-10-25T02:30:00+00:00,12.5,1
30ed0f7a59fed890faad768b8376bff0df48a8a761e55e2727374a061e267cf4,united states: New Home Sales,2024-10-24T14:00:00+00:00,738K,719K,738000.0,719000.0,numeric,19000.0,comparable,above,NDX,open_at_release,ok,-0.010368530658300124,2024-10-24T13:30:00+00:00,2024-10-24T15:30:00+00:00,1.5,1
30ed0f7a59fed890faad768b8376bff0df48a8a761e55e2727374a061e267cf4,united states: New Home Sales,2024-10-24T14:00:00+00:00,738K,719K,738000.0,719000.0,numeric,19000.0,comparable,above,STOXX50E,open_at_release,ok,-0.42134436049429125,2024-10-24T14:00:00+00:00,2024-10-24T15:00:00+00:00,1.0,1
0a890a66d239bfce8484342449fbfe46ccf3cd11756a8929ca0f97d47b9a3a99,united states: New Home Sales,2024-11-26T15:00:00+00:00,610K,725K,610000.0,725000.0,numeric,-115000.0,comparable,below,HSI,closed_at_release,ok,0.2593004833693069,2024-11-26T07:30:00+00:00,2024-11-27T02:30:00+00:00,11.5,2
0a890a66d239bfce8484342449fbfe46ccf3cd11756a8929ca0f97d47b9a3a99,united states: New Home Sales,2024-11-26T15:00:00+00:00,610K,725K,610000.0,725000.0,numeric,-115000.0,comparable,below,NDX,open_at_release,ok,0.03338726012147575,2024-11-26T14:30:00+00:00,2024-11-26T16:30:00+00:00,1.5,2
0a890a66d239bfce8484342449fbfe46ccf3cd11756a8929ca0f97d47b9a3a99,united states: New Home Sales,2024-11-26T15:00:00+00:00,610K,725K,610000.0,725000.0,numeric,-115000.0,comparable,below,STOXX50E,open_at_release,ok,-0.2928992964573607,2024-11-26T15:00:00+00:00,2024-11-26T16:00:00+00:00,1.0,2
d9a2ebcc8c88171a990e3ff08b83065e4133c945bd868dcf4de9d1d7358398cc,united states: New Home Sales,2024-12-23T15:00:00+00:00,664K,666K,664000.0,666000.0,numeric,-2000.0,comparable,below,HSI,closed_at_release,ok,1.205009657844247,2024-12-23T07:30:00+00:00,2024-12-24T02:30:00+00:00,11.5,2
d9a2ebcc8c88171a990e3ff08b83065e4133c945bd868dcf4de9d1d7358398cc,united states: New Home Sales,2024-12-23T15:00:00+00:00,664K,666K,664000.0,666000.0,numeric,-2000.0,comparable,below,NDX,open_at_release,ok,0.010107484784405152,2024-12-23T14:30:00+00:00,2024-12-23T16:30:00+00:00,1.5,2
d9a2ebcc8c88171a990e3ff08b83065e4133c945bd868dcf4de9d1d7358398cc,united states: New Home Sales,2024-12-23T15:00:00+00:00,664K,666K,664000.0,666000.0,numeric,-2000.0,comparable,below,STOXX50E,open_at_release,ok,-0.37924980580340556,2024-12-23T15:00:00+00:00,2024-12-23T16:00:00+00:00,1.0,2
a125608d94cd30e850837850fb7e199c8295f241b04a1ea0a3661bba3e13a7e4,united states: Nonfarm Payrolls,2024-11-01T12:30:00+00:00,12K,106K,12000.0,106000.0,numeric,-94000.0,comparable,below,HSI,closed_at_release,ok,0.23617922465706265,2024-11-01T07:30:00+00:00,2024-11-04T02:30:00+00:00,62.0,3
a125608d94cd30e850837850fb7e199c8295f241b04a1ea0a3661bba3e13a7e4,united states: Nonfarm Payrolls,2024-11-01T12:30:00+00:00,12K,106K,12000.0,106000.0,numeric,-94000.0,comparable,below,NDX,closed_at_release,ok,0.9723756949352238,2024-10-31T19:30:00+00:00,2024-11-01T14:30:00+00:00,2.0,3
a125608d94cd30e850837850fb7e199c8295f241b04a1ea0a3661bba3e13a7e4,united states: Nonfarm Payrolls,2024-11-01T12:30:00+00:00,12K,106K,12000.0,106000.0,numeric,-94000.0,comparable,below,STOXX50E,open_at_release,ok,-0.016227966623749698,2024-11-01T12:00:00+00:00,2024-11-01T14:00:00+00:00,1.5,3
36ffadbc91a0bb9782f46601ce6a8f36502d255d5a9408ace590bbd0ad62f5c9,united states: Nonfarm Payrolls,2024-12-06T13:30:00+00:00,227K,202K,227000.0,202000.0,numeric,25000.0,comparable,above,HSI,closed_at_release,ok,0.3659203577468296,2024-12-06T07:30:00+00:00,2024-12-09T02:30:00+00:00,61.0,3
36ffadbc91a0bb9782f46601ce6a8f36502d255d5a9408ace590bbd0ad62f5c9,united states: Nonfarm Payrolls,2024-12-06T13:30:00+00:00,227K,202K,227000.0,202000.0,numeric,25000.0,comparable,above,NDX,closed_at_release,ok,0.7708606276764396,2024-12-05T20:30:00+00:00,2024-12-06T15:30:00+00:00,2.0,3
36ffadbc91a0bb9782f46601ce6a8f36502d255d5a9408ace590bbd0ad62f5c9,united states: Nonfarm Payrolls,2024-12-06T13:30:00+00:00,227K,202K,227000.0,202000.0,numeric,25000.0,comparable,above,STOXX50E,open_at_release,ok,-0.15074050131972383,2024-12-06T13:00:00+00:00,2024-12-06T15:00:00+00:00,1.5,3
76e83fb0ec241aa8e90f45e4ccc473fbdbae1e0cfdac71eb4a37a0369a2d870e,united states: PPI (MoM),2024-10-11T12:30:00+00:00,0.00%,0.10%,0.0,0.1,percentage_points,-0.1,comparable,below,HSI,closed_at_release,ok,-2.329563312426997,2024-10-10T07:30:00+00:00,2024-10-14T02:30:00+00:00,62.0,1
76e83fb0ec241aa8e90f45e4ccc473fbdbae1e0cfdac71eb4a37a0369a2d870e,united states: PPI (MoM),2024-10-11T12:30:00+00:00,0.00%,0.10%,0.0,0.1,percentage_points,-0.1,comparable,below,NDX,closed_at_release,ok,0.24583417609636005,2024-10-10T19:30:00+00:00,2024-10-11T14:30:00+00:00,2.0,1
76e83fb0ec241aa8e90f45e4ccc473fbdbae1e0cfdac71eb4a37a0369a2d870e,united states: PPI (MoM),2024-10-11T12:30:00+00:00,0.00%,0.10%,0.0,0.1,percentage_points,-0.1,comparable,below,STOXX50E,open_at_release,ok,0.30450717133183586,2024-10-11T12:00:00+00:00,2024-10-11T14:00:00+00:00,1.5,1
897dc4c61624e50b8d4ac881ca539f41fa584fb82e2c6cd3b4da348412ada7b4,united states: PPI (MoM),2024-11-14T13:30:00+00:00,0.20%,0.20%,0.2,0.2,percentage_points,0.0,comparable,matched,HSI,closed_at_release,ok,0.34987185662003206,2024-11-14T07:30:00+00:00,2024-11-15T02:30:00+00:00,13.0,2
897dc4c61624e50b8d4ac881ca539f41fa584fb82e2c6cd3b4da348412ada7b4,united states: PPI (MoM),2024-11-14T13:30:00+00:00,0.20%,0.20%,0.2,0.2,percentage_points,0.0,comparable,matched,NDX,closed_at_release,ok,-0.36193767648656777,2024-11-13T20:30:00+00:00,2024-11-14T15:30:00+00:00,2.0,2
897dc4c61624e50b8d4ac881ca539f41fa584fb82e2c6cd3b4da348412ada7b4,united states: PPI (MoM),2024-11-14T13:30:00+00:00,0.20%,0.20%,0.2,0.2,percentage_points,0.0,comparable,matched,STOXX50E,open_at_release,ok,0.354231841278807,2024-11-14T13:00:00+00:00,2024-11-14T15:00:00+00:00,1.5,2
ce5066797995df44d1a378ae873e22e9f4dfbdc35baadf9ff285369a24bff0ad,united states: PPI (MoM),2024-12-12T13:30:00+00:00,0.40%,0.20%,0.4,0.2,percentage_points,0.2,comparable,above,HSI,closed_at_release,ok,-1.7535675938007529,2024-12-12T07:30:00+00:00,2024-12-13T02:30:00+00:00,13.0,2
ce5066797995df44d1a378ae873e22e9f4dfbdc35baadf9ff285369a24bff0ad,united states: PPI (MoM),2024-12-12T13:30:00+00:00,0.40%,0.20%,0.4,0.2,percentage_points,0.2,comparable,above,NDX,closed_at_release,ok,-0.4886154562376066,2024-12-11T20:30:00+00:00,2024-12-12T15:30:00+00:00,2.0,2
ce5066797995df44d1a378ae873e22e9f4dfbdc35baadf9ff285369a24bff0ad,united states: PPI (MoM),2024-12-12T13:30:00+00:00,0.40%,0.20%,0.4,0.2,percentage_points,0.2,comparable,above,STOXX50E,open_at_release,ok,0.25526104251609727,2024-12-12T13:00:00+00:00,2024-12-12T15:00:00+00:00,1.5,2
a8f0d1c221d2dc7bb8e8ded6b9ef442cb35ebb5e7cc2b86c1757341a858e6b48,united states: Philadelphia Fed Manufacturing Index,2024-10-17T12:30:00+00:00,10.3,4.2,10.3,4.2,numeric,6.1,comparable,above,HSI,closed_at_release,ok,0.7508145767808116,2024-10-17T07:30:00+00:00,2024-10-18T02:30:00+00:00,14.0,4
a8f0d1c221d2dc7bb8e8ded6b9ef442cb35ebb5e7cc2b86c1757341a858e6b48,united states: Philadelphia Fed Manufacturing Index,2024-10-17T12:30:00+00:00,10.3,4.2,10.3,4.2,numeric,6.1,comparable,above,NDX,closed_at_release,ok,0.4848869760446517,2024-10-16T19:30:00+00:00,2024-10-17T14:30:00+00:00,2.0,4
a8f0d1c221d2dc7bb8e8ded6b9ef442cb35ebb5e7cc2b86c1757341a858e6b48,united states: Philadelphia Fed Manufacturing Index,2024-10-17T12:30:00+00:00,10.3,4.2,10.3,4.2,numeric,6.1,comparable,above,STOXX50E,open_at_release,ok,0.131263286679828,2024-10-17T12:00:00+00:00,2024-10-17T14:00:00+00:00,1.5,4
c93455c79b3c12f387fd3905671244a3ae633a050e9dd0b5f4a44cb803c181ab,united states: Philadelphia Fed Manufacturing Index,2024-11-21T13:30:00+00:00,-5.5,7.4,-5.5,7.4,numeric,-12.9,comparable,below,HSI,closed_at_release,ok,-0.1376711124023378,2024-11-21T07:30:00+00:00,2024-11-22T02:30:00+00:00,13.0,2
c93455c79b3c12f387fd3905671244a3ae633a050e9dd0b5f4a44cb803c181ab,united states: Philadelphia Fed Manufacturing Index,2024-11-21T13:30:00+00:00,-5.5,7.4,-5.5,7.4,numeric,-12.9,comparable,below,NDX,closed_at_release,ok,-0.5489021150671181,2024-11-20T20:30:00+00:00,2024-11-21T15:30:00+00:00,2.0,2
c93455c79b3c12f387fd3905671244a3ae633a050e9dd0b5f4a44cb803c181ab,united states: Philadelphia Fed Manufacturing Index,2024-11-21T13:30:00+00:00,-5.5,7.4,-5.5,7.4,numeric,-12.9,comparable,below,STOXX50E,open_at_release,ok,0.23228939410278038,2024-11-21T13:00:00+00:00,2024-11-21T15:00:00+00:00,1.5,2
d78d44376f1b6bc55b275d4e526b2238942b45cc89de2eb65d93fc41cd997517,united states: Philadelphia Fed Manufacturing Index,2024-12-19T13:30:00+00:00,-16.4,2.9,-16.4,2.9,numeric,-19.3,comparable,below,HSI,closed_at_release,ok,-0.2848147373389454,2024-12-19T07:30:00+00:00,2024-12-20T02:30:00+00:00,13.0,3
d78d44376f1b6bc55b275d4e526b2238942b45cc89de2eb65d93fc41cd997517,united states: Philadelphia Fed Manufacturing Index,2024-12-19T13:30:00+00:00,-16.4,2.9,-16.4,2.9,numeric,-19.3,comparable,below,NDX,closed_at_release,ok,-0.9411412020885244,2024-12-18T20:30:00+00:00,2024-12-19T15:30:00+00:00,2.0,3
d78d44376f1b6bc55b275d4e526b2238942b45cc89de2eb65d93fc41cd997517,united states: Philadelphia Fed Manufacturing Index,2024-12-19T13:30:00+00:00,-16.4,2.9,-16.4,2.9,numeric,-19.3,comparable,below,STOXX50E,open_at_release,ok,-0.303245160944876,2024-12-19T13:00:00+00:00,2024-12-19T15:00:00+00:00,1.5,3
da4db74dc09c45d7e0477f06315d09a2b95d1e3520b235784388e6976f60449f,united states: Retail Sales (MoM),2024-10-17T12:30:00+00:00,0.40%,0.30%,0.4,0.3,percentage_points,0.1,comparable,above,HSI,closed_at_release,ok,0.7508145767808116,2024-10-17T07:30:00+00:00,2024-10-18T02:30:00+00:00,14.0,4
da4db74dc09c45d7e0477f06315d09a2b95d1e3520b235784388e6976f60449f,united states: Retail Sales (MoM),2024-10-17T12:30:00+00:00,0.40%,0.30%,0.4,0.3,percentage_points,0.1,comparable,above,NDX,closed_at_release,ok,0.4848869760446517,2024-10-16T19:30:00+00:00,2024-10-17T14:30:00+00:00,2.0,4
da4db74dc09c45d7e0477f06315d09a2b95d1e3520b235784388e6976f60449f,united states: Retail Sales (MoM),2024-10-17T12:30:00+00:00,0.40%,0.30%,0.4,0.3,percentage_points,0.1,comparable,above,STOXX50E,open_at_release,ok,0.131263286679828,2024-10-17T12:00:00+00:00,2024-10-17T14:00:00+00:00,1.5,4
fe3ff43b17ad5ac3bf8929d9a5d23598175041b78ee2ddda0779c3a1c13fee09,united states: Retail Sales (MoM),2024-11-15T13:30:00+00:00,0.40%,0.30%,0.4,0.3,percentage_points,0.1,comparable,above,HSI,closed_at_release,ok,1.5244450188805605,2024-11-15T07:30:00+00:00,2024-11-18T02:30:00+00:00,61.0,2
fe3ff43b17ad5ac3bf8929d9a5d23598175041b78ee2ddda0779c3a1c13fee09,united states: Retail Sales (MoM),2024-11-15T13:30:00+00:00,0.40%,0.30%,0.4,0.3,percentage_points,0.1,comparable,above,NDX,closed_at_release,ok,-1.9967909767068859,2024-11-14T20:30:00+00:00,2024-11-15T15:30:00+00:00,2.0,2
fe3ff43b17ad5ac3bf8929d9a5d23598175041b78ee2ddda0779c3a1c13fee09,united states: Retail Sales (MoM),2024-11-15T13:30:00+00:00,0.40%,0.30%,0.4,0.3,percentage_points,0.1,comparable,above,STOXX50E,open_at_release,ok,-0.2661913664280812,2024-11-15T13:00:00+00:00,2024-11-15T15:00:00+00:00,1.5,2
2acccb8b73c883d2774b29c1caffa5699c978de7ae1c5f4e976cfa2907b9a4ab,united states: Retail Sales (MoM),2024-12-17T13:30:00+00:00,0.70%,0.60%,0.7,0.6,percentage_points,0.1,comparable,above,HSI,closed_at_release,ok,0.44611468679760513,2024-12-17T07:30:00+00:00,2024-12-18T02:30:00+00:00,13.0,2
2acccb8b73c883d2774b29c1caffa5699c978de7ae1c5f4e976cfa2907b9a4ab,united states: Retail Sales (MoM),2024-12-17T13:30:00+00:00,0.70%,0.60%,0.7,0.6,percentage_points,0.1,comparable,above,NDX,closed_at_release,ok,-0.8809103832344569,2024-12-16T20:30:00+00:00,2024-12-17T15:30:00+00:00,2.0,2
2acccb8b73c883d2774b29c1caffa5699c978de7ae1c5f4e976cfa2907b9a4ab,united states: Retail Sales (MoM),2024-12-17T13:30:00+00:00,0.70%,0.60%,0.7,0.6,percentage_points,0.1,comparable,above,STOXX50E,open_at_release,ok,-0.06003902783559002,2024-12-17T13:00:00+00:00,2024-12-17T15:00:00+00:00,1.5,2
46924057f34a1e79da5beaded226c33850dbe66624bd70dbf4722fab024f6bb0,united states: Unemployment Rate,2024-11-01T12:30:00+00:00,4.10%,4.10%,4.1,4.1,percentage_points,0.0,comparable,matched,HSI,closed_at_release,ok,0.23617922465706265,2024-11-01T07:30:00+00:00,2024-11-04T02:30:00+00:00,62.0,3
46924057f34a1e79da5beaded226c33850dbe66624bd70dbf4722fab024f6bb0,united states: Unemployment Rate,2024-11-01T12:30:00+00:00,4.10%,4.10%,4.1,4.1,percentage_points,0.0,comparable,matched,NDX,closed_at_release,ok,0.9723756949352238,2024-10-31T19:30:00+00:00,2024-11-01T14:30:00+00:00,2.0,3
46924057f34a1e79da5beaded226c33850dbe66624bd70dbf4722fab024f6bb0,united states: Unemployment Rate,2024-11-01T12:30:00+00:00,4.10%,4.10%,4.1,4.1,percentage_points,0.0,comparable,matched,STOXX50E,open_at_release,ok,-0.016227966623749698,2024-11-01T12:00:00+00:00,2024-11-01T14:00:00+00:00,1.5,3
a12a4f7cad52cb4ff6ab94d654ae7d1a92e6ad3890081256b25dfbe5989212a0,united states: Unemployment Rate,2024-12-06T13:30:00+00:00,4.20%,4.20%,4.2,4.2,percentage_points,0.0,comparable,matched,HSI,closed_at_release,ok,0.3659203577468296,2024-12-06T07:30:00+00:00,2024-12-09T02:30:00+00:00,61.0,3
a12a4f7cad52cb4ff6ab94d654ae7d1a92e6ad3890081256b25dfbe5989212a0,united states: Unemployment Rate,2024-12-06T13:30:00+00:00,4.20%,4.20%,4.2,4.2,percentage_points,0.0,comparable,matched,NDX,closed_at_release,ok,0.7708606276764396,2024-12-05T20:30:00+00:00,2024-12-06T15:30:00+00:00,2.0,3
a12a4f7cad52cb4ff6ab94d654ae7d1a92e6ad3890081256b25dfbe5989212a0,united states: Unemployment Rate,2024-12-06T13:30:00+00:00,4.20%,4.20%,4.2,4.2,percentage_points,0.0,comparable,matched,STOXX50E,open_at_release,ok,-0.15074050131972383,2024-12-06T13:00:00+00:00,2024-12-06T15:00:00+00:00,1.5,3
